{
  "timestamp": "2025-06-27T06:40:27.709760",
  "portfolio_name": "coinbase_all_eur",
  "strategy": "moderate",
  "portfolio_value": 96.1413604832112,
  "available_capital": 2.2021535771112,
  "existing_positions": {
    "XRP/EUR": {
      "amount": 18.560795,
      "current_price": 1.8024,
      "buy_price": 1.8815,
      "eur_value": 33.453976908,
      "profit_loss_pct": -4.204092479404728,
      "profit_loss_eur": -1.4681588844999989
    },
    "SOL/EUR": {
      "amount": 0.469,
      "current_price": 120.93,
      "buy_price": 126.47306216445935,
      "eur_value": 56.71617,
      "profit_loss_pct": -4.3828006293161605,
      "profit_loss_eur": -2.5996961551314315
    },
    "BTC/EUR": {
      "amount": 4.089e-05,
      "current_price": 91943.49,
      "buy_price": 91682.98,
      "eur_value": 3.7595693061000004,
      "profit_loss_pct": 0.28414216030064615,
      "profit_loss_eur": 0.010652253900000382
    }
  },
  "trading_enabled": true
}