{
  "timestamp": "2025-06-27T15:39:23.477547",
  "portfolio_name": "coinbase_all_eur",
  "strategy": "moderate",
  "portfolio_value": 96.11237460331121,
  "available_capital": 2.2021535771112,
  "existing_positions": {
    "XRP/EUR": {
      "amount": 18.560795,
      "current_price": 1.7854,
      "buy_price": 1.8815,
      "eur_value": 33.138443393,
      "profit_loss_pct": -5.1076268934360805,
      "profit_loss_eur": -1.7836923994999971
    },
    "SOL/EUR": {
      "amount": 0.469,
      "current_price": 121.59,
      "buy_price": 126.47306216445935,
      "eur_value": 57.02571,
      "profit_loss_pct": -3.8609503722695138,
      "profit_loss_eur": -2.290156155131433
    },
    "BTC/EUR": {
      "amount": 4.089e-05,
      "current_price": 91254.59,
      "buy_price": 91682.98,
      "eur_value": 3.7314001851,
      "profit_loss_pct": -0.4672513916977823,
      "profit_loss_eur": -0.01751686709999998
    }
  },
  "trading_enabled": true
}