{
  "timestamp": "2025-06-26T00:24:32.751508",
  "portfolio_name": "coinbase_all_eur",
  "strategy": "moderate",
  "portfolio_value": 98.5753717737612,
  "available_capital": 2.2021535771112,
  "existing_positions": {
    "SOL/EUR": {
      "amount": 0.469,
      "current_price": 123.3,
      "buy_price": 126.47306216445935,
      "eur_value": 57.82769999999999,
      "profit_loss_pct": -2.508883797194108,
      "profit_loss_eur": -1.4881661551314362
    },
    "BTC/EUR": {
      "amount": 4.089e-05,
      "current_price": 92142.56,
      "buy_price": 91682.98,
      "eur_value": 3.7677092784000004,
      "profit_loss_pct": 0.5012707920270499,
      "profit_loss_eur": 0.018792226200000074
    }
  },
  "trading_enabled": true
}