{
  "timestamp": "2025-06-27T04:06:33.896323",
  "portfolio_name": "coinbase_all_eur",
  "strategy": "moderate",
  "portfolio_value": 95.20191915611122,
  "available_capital": 2.2021535771112,
  "existing_positions": {
    "XRP/EUR": {
      "amount": 18.560795,
      "current_price": 1.792,
      "buy_price": 1.8815,
      "eur_value": 33.26094464,
      "profit_loss_pct": -4.756842944459204,
      "profit_loss_eur": -1.6611911524999983
    },
    "SOL/EUR": {
      "amount": 0.469,
      "current_price": 119.34,
      "buy_price": 126.47306216445935,
      "eur_value": 55.970459999999996,
      "profit_loss_pct": -5.639985339474,
      "profit_loss_eur": -3.345406155131433
    },
    "BTC/EUR": {
      "amount": 4.089e-05,
      "current_price": 91583.71,
      "buy_price": 91682.98,
      "eur_value": 3.7448579019000006,
      "profit_loss_pct": -0.10827527639261893,
      "profit_loss_eur": -0.004059150299999572
    }
  },
  "trading_enabled": true
}