{
  "timestamp": "2025-06-26T17:04:47.436023",
  "portfolio_name": "coinbase_all_eur",
  "strategy": "moderate",
  "portfolio_value": 97.02958612696119,
  "available_capital": 2.2021535771112,
  "existing_positions": {
    "SOL/EUR": {
      "amount": 0.469,
      "current_price": 122.36,
      "buy_price": 126.47306216445935,
      "eur_value": 57.38684,
      "profit_loss_pct": -3.252125072381759,
      "profit_loss_eur": -1.9290261551314352
    },
    "BTC/EUR": {
      "amount": 4.089e-05,
      "current_price": 91814.35,
      "buy_price": 91682.98,
      "eur_value": 3.7542887715000006,
      "profit_loss_pct": 0.1432872273567132,
      "profit_loss_eur": 0.005371719300000405
    }
  },
  "trading_enabled": true
}