{
  "timestamp": "2025-06-26T15:32:27.372007",
  "portfolio_name": "coinbase_all_eur",
  "strategy": "moderate",
  "portfolio_value": 97.3079478468612,
  "available_capital": 2.2021535771112,
  "existing_positions": {
    "XRP/EUR": {
      "amount": 18.560795,
      "current_price": 1.8375,
      "buy_price": 1.8815,
      "eur_value": 34.1054608125,
      "profit_loss_pct": -2.3385596598458696,
      "profit_loss_eur": -0.8166749800000007
    },
    "SOL/EUR": {
      "amount": 0.469,
      "current_price": 122.06,
      "buy_price": 126.47306216445935,
      "eur_value": 57.24614,
      "profit_loss_pct": -3.4893297346756884,
      "profit_loss_eur": -2.0697261551314337
    },
    "BTC/EUR": {
      "amount": 4.089e-05,
      "current_price": 91472.95,
      "buy_price": 91682.98,
      "eur_value": 3.7403289255,
      "profit_loss_pct": -0.22908286794342728,
      "profit_loss_eur": -0.008588126699999954
    }
  },
  "trading_enabled": true
}