{
  "timestamp": "2025-06-26T12:58:27.414698",
  "portfolio_name": "coinbase_all_eur",
  "strategy": "moderate",
  "portfolio_value": 97.9387271903112,
  "available_capital": 2.2021535771112,
  "existing_positions": {
    "XRP/EUR": {
      "amount": 18.560795,
      "current_price": 1.8579,
      "buy_price": 1.8815,
      "eur_value": 34.4841010305,
      "profit_loss_pct": -1.2543183630082297,
      "profit_loss_eur": -0.4380347619999971
    },
    "SOL/EUR": {
      "amount": 0.469,
      "current_price": 122.59,
      "buy_price": 126.47306216445935,
      "eur_value": 57.49471,
      "profit_loss_pct": -3.0702681646230747,
      "profit_loss_eur": -1.8211561551314333
    },
    "BTC/EUR": {
      "amount": 4.089e-05,
      "current_price": 91704.7,
      "buy_price": 91682.98,
      "eur_value": 3.7498051830000003,
      "profit_loss_pct": 0.023690329437373397,
      "profit_loss_eur": 0.0008881308000000476
    }
  },
  "trading_enabled": true
}