{
  "timestamp": "2025-06-27T06:09:41.925300",
  "portfolio_name": "coinbase_all_eur",
  "strategy": "moderate",
  "portfolio_value": 95.9186824333612,
  "available_capital": 2.2021535771112,
  "existing_positions": {
    "SOL/EUR": {
      "amount": 0.469,
      "current_price": 120.6,
      "buy_price": 126.47306216445935,
      "eur_value": 56.56139999999999,
      "profit_loss_pct": -4.643725757839495,
      "profit_loss_eur": -2.7544661551314373
    },
    "BTC/EUR": {
      "amount": 4.089e-05,
      "current_price": 91882.75,
      "buy_price": 91682.98,
      "eur_value": 3.7570856475000003,
      "profit_loss_pct": 0.21789213221472958,
      "profit_loss_eur": 0.008168595300000168
    }
  },
  "trading_enabled": true
}