{
  "timestamp": "2025-06-26T00:55:21.159311",
  "portfolio_name": "coinbase_all_eur",
  "strategy": "moderate",
  "portfolio_value": 98.29311806496119,
  "available_capital": 2.2021535771112,
  "existing_positions": {
    "XRP/EUR": {
      "amount": 18.560795,
      "current_price": 1.872,
      "buy_price": 1.8815,
      "eur_value": 34.74580824,
      "profit_loss_pct": -0.5049162901939858,
      "profit_loss_eur": -0.17632755249999704
    },
    "SOL/EUR": {
      "amount": 0.469,
      "current_price": 122.76,
      "buy_price": 126.47306216445935,
      "eur_value": 57.574439999999996,
      "profit_loss_pct": -2.935852189323179,
      "profit_loss_eur": -1.7414261551314325
    },
    "BTC/EUR": {
      "amount": 4.089e-05,
      "current_price": 92063.92,
      "buy_price": 91682.98,
      "eur_value": 3.7644936888,
      "profit_loss_pct": 0.4154969657399905,
      "profit_loss_eur": 0.015576636600000096
    }
  },
  "trading_enabled": true
}