{
  "timestamp": "2025-06-27T13:51:25.972015",
  "portfolio_name": "coinbase_all_eur",
  "strategy": "moderate",
  "portfolio_value": 95.92842957376119,
  "available_capital": 2.2021535771112,
  "existing_positions": {
    "SOL/EUR": {
      "amount": 0.469,
      "current_price": 121.23,
      "buy_price": 126.47306216445935,
      "eur_value": 56.85687,
      "profit_loss_pct": -4.145595967022231,
      "profit_loss_eur": -2.458996155131433
    },
    "BTC/EUR": {
      "amount": 4.089e-05,
      "current_price": 91397.89,
      "buy_price": 91682.98,
      "eur_value": 3.7372597221,
      "profit_loss_pct": -0.31095193459025494,
      "profit_loss_eur": -0.011657330099999858
    }
  },
  "trading_enabled": true
}