{
  "timestamp": "2025-06-27T07:42:03.788854",
  "portfolio_name": "coinbase_all_eur",
  "strategy": "moderate",
  "portfolio_value": 95.8377427125112,
  "available_capital": 2.2021535771112,
  "existing_positions": {
    "XRP/EUR": {
      "amount": 18.560795,
      "current_price": 1.7961,
      "buy_price": 1.8815,
      "eur_value": 33.337043899499996,
      "profit_loss_pct": -4.538931703428112,
      "profit_loss_eur": -1.5850918929999984
    },
    "SOL/EUR": {
      "amount": 0.469,
      "current_price": 120.52,
      "buy_price": 126.47306216445935,
      "eur_value": 56.52388,
      "profit_loss_pct": -4.706980334451209,
      "profit_loss_eur": -2.7919861551314367
    },
    "BTC/EUR": {
      "amount": 4.089e-05,
      "current_price": 91889.82,
      "buy_price": 91682.98,
      "eur_value": 3.7573747398000004,
      "profit_loss_pct": 0.2256034871466995,
      "profit_loss_eur": 0.008457687600000452
    }
  },
  "trading_enabled": true
}