{
  "timestamp": "2025-06-25T18:39:52.788270",
  "portfolio_name": "coinbase_all_eur",
  "strategy": "moderate",
  "portfolio_value": 98.6124156198612,
  "available_capital": 2.2021535771112,
  "existing_positions": {
    "XRP/EUR": {
      "amount": 18.560795,
      "current_price": 1.8733,
      "buy_price": 1.8815,
      "eur_value": 34.7699372735,
      "profit_loss_pct": -0.4358224820621836,
      "profit_loss_eur": -0.15219851899999973
    },
    "SOL/EUR": {
      "amount": 0.469,
      "current_price": 123.37,
      "buy_price": 126.47306216445935,
      "eur_value": 57.86053,
      "profit_loss_pct": -2.4535360426588517,
      "profit_loss_eur": -1.4553361551314328
    },
    "BTC/EUR": {
      "amount": 4.089e-05,
      "current_price": 92219.28,
      "buy_price": 91682.98,
      "eur_value": 3.7708463592,
      "profit_loss_pct": 0.5849504455461668,
      "profit_loss_eur": 0.02192930700000012
    }
  },
  "trading_enabled": true
}