{
  "timestamp": "2025-06-26T15:01:40.695224",
  "portfolio_name": "coinbase_all_eur",
  "strategy": "moderate",
  "portfolio_value": 97.39540028066122,
  "available_capital": 2.2021535771112,
  "existing_positions": {
    "SOL/EUR": {
      "amount": 0.469,
      "current_price": 122.14,
      "buy_price": 126.47306216445935,
      "eur_value": 57.28366,
      "profit_loss_pct": -3.4260751580639743,
      "profit_loss_eur": -2.0322061551314348
    },
    "BTC/EUR": {
      "amount": 4.089e-05,
      "current_price": 91500.0,
      "buy_price": 91682.98,
      "eur_value": 3.7414350000000005,
      "profit_loss_pct": -0.19957902764503938,
      "profit_loss_eur": -0.007482052199999834
    }
  },
  "trading_enabled": true
}