{
  "timestamp": "2025-06-26T11:26:07.746797",
  "portfolio_name": "coinbase_all_eur",
  "strategy": "moderate",
  "portfolio_value": 98.21901761101121,
  "available_capital": 2.2021535771112,
  "existing_positions": {
    "XRP/EUR": {
      "amount": 18.560795,
      "current_price": 1.8625,
      "buy_price": 1.8815,
      "eur_value": 34.5694806875,
      "profit_loss_pct": -1.0098325803879833,
      "profit_loss_eur": -0.35265510499999825
    },
    "SOL/EUR": {
      "amount": 0.469,
      "current_price": 123.0,
      "buy_price": 126.47306216445935,
      "eur_value": 57.687,
      "profit_loss_pct": -2.7460884594880377,
      "profit_loss_eur": -1.628866155131435
    },
    "BTC/EUR": {
      "amount": 4.089e-05,
      "current_price": 91693.7,
      "buy_price": 91682.98,
      "eur_value": 3.749355393,
      "profit_loss_pct": 0.011692464621024714,
      "profit_loss_eur": 0.00043834080000004766
    }
  },
  "trading_enabled": true
}