{
  "timestamp": "2025-06-27T11:48:20.089882",
  "portfolio_name": "coinbase_all_eur",
  "strategy": "moderate",
  "portfolio_value": 96.0743319633612,
  "available_capital": 2.2021535771112,
  "existing_positions": {
    "XRP/EUR": {
      "amount": 18.560795,
      "current_price": 1.7905,
      "buy_price": 1.8815,
      "eur_value": 33.2331034475,
      "profit_loss_pct": -4.8365665692266795,
      "profit_loss_eur": -1.6890323449999993
    },
    "SOL/EUR": {
      "amount": 0.469,
      "current_price": 121.3,
      "buy_price": 126.47306216445935,
      "eur_value": 56.8897,
      "profit_loss_pct": -4.090248212486985,
      "profit_loss_eur": -2.4261661551314364
    },
    "BTC/EUR": {
      "amount": 4.089e-05,
      "current_price": 91461.33,
      "buy_price": 91682.98,
      "eur_value": 3.7398537837000005,
      "profit_loss_pct": -0.24175697604941962,
      "profit_loss_eur": -0.009063268499999763
    }
  },
  "trading_enabled": true
}