{
  "timestamp": "2025-06-26T14:30:57.327441",
  "portfolio_name": "coinbase_all_eur",
  "strategy": "moderate",
  "portfolio_value": 97.69687470211119,
  "available_capital": 2.2021535771112,
  "existing_positions": {
    "XRP/EUR": {
      "amount": 18.560795,
      "current_price": 1.849,
      "buy_price": 1.8815,
      "eur_value": 34.318909954999995,
      "profit_loss_pct": -1.7273452032952417,
      "profit_loss_eur": -0.6032258374999995
    },
    "SOL/EUR": {
      "amount": 0.469,
      "current_price": 122.45,
      "buy_price": 126.47306216445935,
      "eur_value": 57.42905,
      "profit_loss_pct": -3.1809636736935767,
      "profit_loss_eur": -1.8868161551314335
    },
    "BTC/EUR": {
      "amount": 4.089e-05,
      "current_price": 91573.71,
      "buy_price": 91682.98,
      "eur_value": 3.7444490019000005,
      "profit_loss_pct": -0.11918242622566318,
      "profit_loss_eur": -0.0044680502999995715
    }
  },
  "trading_enabled": true
}