{
  "timestamp": "2025-06-26T22:27:58.937793",
  "portfolio_name": "coinbase_all_eur",
  "strategy": "moderate",
  "portfolio_value": 96.9878530449612,
  "available_capital": 2.2021535771112,
  "existing_positions": {
    "XRP/EUR": {
      "amount": 18.560795,
      "current_price": 1.8226,
      "buy_price": 1.8815,
      "eur_value": 33.828904967,
      "profit_loss_pct": -3.130480999202762,
      "profit_loss_eur": -1.093230825499999
    },
    "SOL/EUR": {
      "amount": 0.469,
      "current_price": 121.91,
      "buy_price": 126.47306216445935,
      "eur_value": 57.17578999999999,
      "profit_loss_pct": -3.6079320658226584,
      "profit_loss_eur": -2.1400761551314367
    },
    "BTC/EUR": {
      "amount": 4.089e-05,
      "current_price": 91977.91,
      "buy_price": 91682.98,
      "eur_value": 3.7609767399000003,
      "profit_loss_pct": 0.32168457002598255,
      "profit_loss_eur": 0.01205968770000031
    }
  },
  "trading_enabled": true
}