{
  "timestamp": "2025-06-25T12:05:05.838098",
  "portfolio_name": "coinbase_all_eur",
  "strategy": "moderate",
  "portfolio_value": 99.74229131546119,
  "available_capital": 2.2021535771112,
  "existing_positions": {
    "XRP/EUR": {
      "amount": 18.560795,
      "current_price": 1.8843,
      "buy_price": 1.8815,
      "eur_value": 34.9741060185,
      "profit_loss_pct": 0.1488174328992897,
      "profit_loss_eur": 0.05197022600000251
    },
    "SOL/EUR": {
      "amount": 0.469,
      "current_price": 125.42,
      "buy_price": 126.47306216445935,
      "eur_value": 58.821979999999996,
      "profit_loss_pct": -0.8326375169836544,
      "profit_loss_eur": -0.49388615513143425
    },
    "BTC/EUR": {
      "amount": 4.089e-05,
      "current_price": 92013.76,
      "buy_price": 91682.98,
      "eur_value": 3.7624426464000003,
      "profit_loss_pct": 0.3607867021774367,
      "profit_loss_eur": 0.013525594199999954
    }
  },
  "trading_enabled": true
}