{
  "timestamp": "2025-06-27T23:15:23.798681",
  "portfolio_name": "coinbase_all_eur",
  "strategy": "moderate",
  "portfolio_value": 96.59034697326119,
  "available_capital": 2.2021535771112,
  "existing_positions": {
    "XRP/EUR": {
      "amount": 18.560795,
      "current_price": 1.8041,
      "buy_price": 1.8815,
      "eur_value": 33.485530259499996,
      "profit_loss_pct": -4.113739038001589,
      "profit_loss_eur": -1.4366055329999983
    },
    "SOL/EUR": {
      "amount": 0.469,
      "current_price": 121.86,
      "buy_price": 126.47306216445935,
      "eur_value": 57.152339999999995,
      "profit_loss_pct": -3.6474661762049783,
      "profit_loss_eur": -2.1635261551314353
    },
    "BTC/EUR": {
      "amount": 4.089e-05,
      "current_price": 91508.17,
      "buy_price": 91682.98,
      "eur_value": 3.7417690713000002,
      "profit_loss_pct": -0.19066788623144415,
      "profit_loss_eur": -0.007147980899999905
    }
  },
  "trading_enabled": true
}