{
  "timestamp": "2025-06-28T05:56:35.505435",
  "portfolio_name": "coinbase_all_eur",
  "strategy": "moderate",
  "portfolio_value": 98.0900332497112,
  "available_capital": 2.2021535771112,
  "existing_positions": {
    "SOL/EUR": {
      "amount": 0.469,
      "current_price": 122.57,
      "buy_price": 126.47306216445935,
      "eur_value": 57.48532999999999,
      "profit_loss_pct": -3.0860818087760116,
      "profit_loss_eur": -1.830536155131438
    },
    "BTC/EUR": {
      "amount": 4.089e-05,
      "current_price": 91681.36,
      "buy_price": 91682.98,
      "eur_value": 3.7488508104000005,
      "profit_loss_pct": -0.0017669582729480907,
      "profit_loss_eur": -6.62417999998096e-05
    }
  },
  "trading_enabled": true
}