{
  "timestamp": "2025-06-28T01:18:54.081087",
  "portfolio_name": "coinbase_all_eur",
  "strategy": "moderate",
  "portfolio_value": 96.69809748271122,
  "available_capital": 2.2021535771112,
  "existing_positions": {
    "XRP/EUR": {
      "amount": 18.560795,
      "current_price": 1.8179,
      "buy_price": 1.8815,
      "eur_value": 33.7416692305,
      "profit_loss_pct": -3.3802816901408383,
      "profit_loss_eur": -1.1804665619999977
    },
    "SOL/EUR": {
      "amount": 0.469,
      "current_price": 121.55,
      "buy_price": 126.47306216445935,
      "eur_value": 57.006949999999996,
      "profit_loss_pct": -3.8925776605753764,
      "profit_loss_eur": -2.308916155131436
    },
    "BTC/EUR": {
      "amount": 4.089e-05,
      "current_price": 91485.68,
      "buy_price": 91682.98,
      "eur_value": 3.7408494552000002,
      "profit_loss_pct": -0.2151980662059664,
      "profit_loss_eur": -0.008067597000000119
    }
  },
  "trading_enabled": true
}