{
  "timestamp": "2025-06-26T16:03:12.241763",
  "portfolio_name": "coinbase_all_eur",
  "strategy": "moderate",
  "portfolio_value": 96.66409298051121,
  "available_capital": 2.2021535771112,
  "existing_positions": {
    "XRP/EUR": {
      "amount": 18.560795,
      "current_price": 1.8204,
      "buy_price": 1.8815,
      "eur_value": 33.788071218,
      "profit_loss_pct": -3.2474089821950534,
      "profit_loss_eur": -1.1340645744999986
    },
    "SOL/EUR": {
      "amount": 0.469,
      "current_price": 121.41,
      "buy_price": 126.47306216445935,
      "eur_value": 56.941289999999995,
      "profit_loss_pct": -4.003273169645878,
      "profit_loss_eur": -2.3745761551314364
    },
    "BTC/EUR": {
      "amount": 4.089e-05,
      "current_price": 91472.2,
      "buy_price": 91682.98,
      "eur_value": 3.740298258,
      "profit_loss_pct": -0.2299009041809056,
      "profit_loss_eur": -0.008618794199999953
    }
  },
  "trading_enabled": true
}