{
  "timestamp": "2025-06-26T08:21:40.245712",
  "portfolio_name": "coinbase_all_eur",
  "strategy": "moderate",
  "portfolio_value": 98.9269840341112,
  "available_capital": 2.2021535771112,
  "existing_positions": {
    "XRP/EUR": {
      "amount": 18.560795,
      "current_price": 1.8741,
      "buy_price": 1.8815,
      "eur_value": 34.7847859095,
      "profit_loss_pct": -0.3933032155195244,
      "profit_loss_eur": -0.13734988299999723
    },
    "SOL/EUR": {
      "amount": 0.469,
      "current_price": 124.01,
      "buy_price": 126.47306216445935,
      "eur_value": 58.16069,
      "profit_loss_pct": -1.9474994297651302,
      "profit_loss_eur": -1.1551761551314326
    },
    "BTC/EUR": {
      "amount": 4.089e-05,
      "current_price": 92311.68,
      "buy_price": 91682.98,
      "eur_value": 3.7746245952,
      "profit_loss_pct": 0.6857325100034893,
      "profit_loss_eur": 0.02570754299999988
    }
  },
  "trading_enabled": true
}