{
  "timestamp": "2025-06-26T19:53:55.885682",
  "portfolio_name": "coinbase_all_eur",
  "strategy": "moderate",
  "portfolio_value": 96.3355660995612,
  "available_capital": 2.2021535771112,
  "existing_positions": {
    "XRP/EUR": {
      "amount": 18.560795,
      "current_price": 1.8068,
      "buy_price": 1.8815,
      "eur_value": 33.535644405999996,
      "profit_loss_pct": -3.970236513420143,
      "profit_loss_eur": -1.3864913864999997
    },
    "SOL/EUR": {
      "amount": 0.469,
      "current_price": 121.25,
      "buy_price": 126.47306216445935,
      "eur_value": 56.866249999999994,
      "profit_loss_pct": -4.129782322869305,
      "profit_loss_eur": -2.449616155131435
    },
    "BTC/EUR": {
      "amount": 4.089e-05,
      "current_price": 91528.34,
      "buy_price": 91682.98,
      "eur_value": 3.7425938226,
      "profit_loss_pct": -0.1686681650181958,
      "profit_loss_eur": -0.0063232295999999764
    }
  },
  "trading_enabled": true
}