{
  "timestamp": "2025-06-25T16:23:23.932504",
  "portfolio_name": "coinbase_all_eur",
  "strategy": "moderate",
  "portfolio_value": 100.0046224260612,
  "available_capital": 2.2021535771112,
  "existing_positions": {
    "XRP/EUR": {
      "amount": 18.560795,
      "current_price": 1.8974,
      "buy_price": 1.8815,
      "eur_value": 35.217252433,
      "profit_loss_pct": 0.8450704225352126,
      "profit_loss_eur": 0.29511664050000047
    },
    "SOL/EUR": {
      "amount": 0.469,
      "current_price": 125.34,
      "buy_price": 126.47306216445935,
      "eur_value": 58.784459999999996,
      "profit_loss_pct": -0.8958920935953681,
      "profit_loss_eur": -0.5314061551314334
    },
    "BTC/EUR": {
      "amount": 4.089e-05,
      "current_price": 92629.73,
      "buy_price": 91682.98,
      "eur_value": 3.7876296597000003,
      "profit_loss_pct": 1.032634410443465,
      "profit_loss_eur": 0.0387126075
    }
  },
  "trading_enabled": true
}