{
  "timestamp": "2025-06-25T17:46:31.253456",
  "portfolio_name": "coinbase_all_eur",
  "strategy": "moderate",
  "portfolio_value": 98.77807693741119,
  "available_capital": 2.2021535771112,
  "existing_positions": {
    "XRP/EUR": {
      "amount": 18.560795,
      "current_price": 1.8796,
      "buy_price": 1.8815,
      "eur_value": 34.886870282,
      "profit_loss_pct": -0.10098325803879951,
      "profit_loss_eur": -0.035265510500000236
    },
    "SOL/EUR": {
      "amount": 0.469,
      "current_price": 123.5,
      "buy_price": 126.47306216445935,
      "eur_value": 57.921499999999995,
      "profit_loss_pct": -2.350747355664818,
      "profit_loss_eur": -1.394366155131435
    },
    "BTC/EUR": {
      "amount": 4.089e-05,
      "current_price": 92051.18,
      "buy_price": 91682.98,
      "eur_value": 3.7639727502,
      "profit_loss_pct": 0.4016012568526864,
      "profit_loss_eur": 0.015055697999999881
    }
  },
  "trading_enabled": true
}