{
  "timestamp": "2025-06-26T23:44:55.224993",
  "portfolio_name": "coinbase_all_eur",
  "strategy": "moderate",
  "portfolio_value": 95.6694992750112,
  "available_capital": 2.2021535771112,
  "existing_positions": {
    "XRP/EUR": {
      "amount": 18.560795,
      "current_price": 1.8053,
      "buy_price": 1.8815,
      "eur_value": 33.5078032135,
      "profit_loss_pct": -4.049960138187618,
      "profit_loss_eur": -1.4143325790000008
    },
    "SOL/EUR": {
      "amount": 0.469,
      "current_price": 119.85,
      "buy_price": 126.47306216445935,
      "eur_value": 56.209649999999996,
      "profit_loss_pct": -5.236737413574324,
      "profit_loss_eur": -3.1062161551314373
    },
    "BTC/EUR": {
      "amount": 4.089e-05,
      "current_price": 91509.28,
      "buy_price": 91682.98,
      "eur_value": 3.7418144592000004,
      "profit_loss_pct": -0.1894571925999756,
      "profit_loss_eur": -0.007102592999999882
    }
  },
  "trading_enabled": true
}