{
  "timestamp": "2025-06-25T11:34:15.614462",
  "portfolio_name": "coinbase_all_eur",
  "strategy": "moderate",
  "portfolio_value": 100.25766697101122,
  "available_capital": 2.2021535771112,
  "existing_positions": {
    "XRP/EUR": {
      "amount": 18.560795,
      "current_price": 1.8864,
      "buy_price": 1.8815,
      "eur_value": 35.013083688,
      "profit_loss_pct": 0.2604305075737511,
      "profit_loss_eur": 0.09094789550000235
    },
    "SOL/EUR": {
      "amount": 0.469,
      "current_price": 126.36,
      "buy_price": 126.47306216445935,
      "eur_value": 59.26284,
      "profit_loss_pct": -0.08939624179600386,
      "profit_loss_eur": -0.05302615513143531
    },
    "BTC/EUR": {
      "amount": 4.089e-05,
      "current_price": 92213.67,
      "buy_price": 91682.98,
      "eur_value": 3.7706169663000004,
      "profit_loss_pct": 0.5788315344898283,
      "profit_loss_eur": 0.021699914100000096
    }
  },
  "trading_enabled": true
}