{
  "timestamp": "2025-06-25T10:45:49.353270",
  "portfolio_name": "coinbase_all_eur",
  "strategy": "moderate",
  "portfolio_value": 99.590364789964,
  "available_capital": 5.996749932714,
  "existing_positions": {
    "XRP/EUR": {
      "amount": 18.560795,
      "current_price": 1.8764,
      "buy_price": 1.8815,
      "eur_value": 34.827475738,
      "profit_loss_pct": -0.2710603242094011,
      "profit_loss_eur": -0.09466005449999781
    },
    "SOL/EUR": {
      "amount": 0.469,
      "current_price": 125.27,
      "buy_price": 126.47306216445935,
      "eur_value": 58.75162999999999,
      "profit_loss_pct": -0.9512398481306248,
      "profit_loss_eur": -0.5642361551314369
    }
  },
  "trading_enabled": true
}