{
  "timestamp": "2025-06-27T15:23:55.943821",
  "portfolio_name": "coinbase_all_eur",
  "strategy": "moderate",
  "portfolio_value": 95.71662267246118,
  "available_capital": 2.2021535771112,
  "existing_positions": {
    "XRP/EUR": {
      "amount": 18.560795,
      "current_price": 1.7776,
      "buy_price": 1.8815,
      "eur_value": 32.993669192,
      "profit_loss_pct": -5.52218974222694,
      "profit_loss_eur": -1.9284666004999977
    },
    "SOL/EUR": {
      "amount": 0.469,
      "current_price": 121.08,
      "buy_price": 126.47306216445935,
      "eur_value": 56.786519999999996,
      "profit_loss_pct": -4.264198298169202,
      "profit_loss_eur": -2.5293461551314356
    },
    "BTC/EUR": {
      "amount": 4.089e-05,
      "current_price": 90973.54,
      "buy_price": 91682.98,
      "eur_value": 3.7199080506,
      "profit_loss_pct": -0.7737968377554943,
      "profit_loss_eur": -0.029009001600000098
    }
  },
  "trading_enabled": true
}