{
  "timestamp": "2025-06-25T22:21:28.224290",
  "portfolio_name": "coinbase_all_eur",
  "strategy": "moderate",
  "portfolio_value": 99.1517049309612,
  "available_capital": 2.2021535771112,
  "existing_positions": {
    "XRP/EUR": {
      "amount": 18.560795,
      "current_price": 1.8874,
      "buy_price": 1.8815,
      "eur_value": 35.031644482999994,
      "profit_loss_pct": 0.31357959075206043,
      "profit_loss_eur": 0.1095086905000003
    },
    "SOL/EUR": {
      "amount": 0.469,
      "current_price": 123.95,
      "buy_price": 126.47306216445935,
      "eur_value": 58.132549999999995,
      "profit_loss_pct": -1.9949403622239186,
      "profit_loss_eur": -1.1833161551314337
    },
    "BTC/EUR": {
      "amount": 4.089e-05,
      "current_price": 92366.21,
      "buy_price": 91682.98,
      "eur_value": 3.7768543269000006,
      "profit_loss_pct": 0.7452091980430943,
      "profit_loss_eur": 0.02793727470000043
    }
  },
  "trading_enabled": true
}