{
  "timestamp": "2025-06-25T12:20:22.606664",
  "portfolio_name": "coinbase_all_eur",
  "strategy": "moderate",
  "portfolio_value": 99.7837406006612,
  "available_capital": 2.2021535771112,
  "existing_positions": {
    "SOL/EUR": {
      "amount": 0.469,
      "current_price": 125.44,
      "buy_price": 126.47306216445935,
      "eur_value": 58.83136,
      "profit_loss_pct": -0.8168238728307289,
      "profit_loss_eur": -0.4845061551314361
    },
    "BTC/EUR": {
      "amount": 4.089e-05,
      "current_price": 92081.53,
      "buy_price": 91682.98,
      "eur_value": 3.7652137617,
      "profit_loss_pct": 0.4347044565959821,
      "profit_loss_eur": 0.01629670950000012
    }
  },
  "trading_enabled": true
}