{
  "timestamp": "2025-06-28T03:53:13.229852",
  "portfolio_name": "coinbase_all_eur",
  "strategy": "moderate",
  "portfolio_value": 97.20711359626121,
  "available_capital": 2.2021535771112,
  "existing_positions": {
    "XRP/EUR": {
      "amount": 18.560795,
      "current_price": 1.85,
      "buy_price": 1.8815,
      "eur_value": 34.33747075,
      "profit_loss_pct": -1.6741961201169206,
      "profit_loss_eur": -0.5846650424999974
    },
    "SOL/EUR": {
      "amount": 0.469,
      "current_price": 121.36,
      "buy_price": 126.47306216445935,
      "eur_value": 56.91784,
      "profit_loss_pct": -4.042807280028198,
      "profit_loss_eur": -2.398026155131435
    },
    "BTC/EUR": {
      "amount": 4.089e-05,
      "current_price": 91412.48,
      "buy_price": 91682.98,
      "eur_value": 3.7378563072,
      "profit_loss_pct": -0.2950384029838472,
      "profit_loss_eur": -0.011060745
    }
  },
  "trading_enabled": true
}