{
  "timestamp": "2025-06-27T01:47:58.263993",
  "portfolio_name": "coinbase_all_eur",
  "strategy": "moderate",
  "portfolio_value": 95.06805846006121,
  "available_capital": 2.2021535771112,
  "existing_positions": {
    "XRP/EUR": {
      "amount": 18.560795,
      "current_price": 1.7998,
      "buy_price": 1.8815,
      "eur_value": 33.405718841,
      "profit_loss_pct": -4.342280095668344,
      "profit_loss_eur": -1.5164169514999977
    },
    "SOL/EUR": {
      "amount": 0.469,
      "current_price": 118.77,
      "buy_price": 126.47306216445935,
      "eur_value": 55.703129999999994,
      "profit_loss_pct": -6.0906741978324765,
      "profit_loss_eur": -3.6127361551314365
    },
    "BTC/EUR": {
      "amount": 4.089e-05,
      "current_price": 91457.94,
      "buy_price": 91682.98,
      "eur_value": 3.7397151666000004,
      "profit_loss_pct": -0.24545449984282097,
      "profit_loss_eur": -0.009201885599999739
    }
  },
  "trading_enabled": true
}