{
  "timestamp": "2025-06-26T18:06:11.747202",
  "portfolio_name": "coinbase_all_eur",
  "strategy": "moderate",
  "portfolio_value": 96.68260131036119,
  "available_capital": 2.2021535771112,
  "existing_positions": {
    "SOL/EUR": {
      "amount": 0.469,
      "current_price": 121.97,
      "buy_price": 126.47306216445935,
      "eur_value": 57.20392999999999,
      "profit_loss_pct": -3.5604911333638705,
      "profit_loss_eur": -2.1119361551314353
    },
    "BTC/EUR": {
      "amount": 4.089e-05,
      "current_price": 91637.35,
      "buy_price": 91682.98,
      "eur_value": 3.7470512415000004,
      "profit_loss_pct": -0.04976932468817016,
      "profit_loss_eur": -0.0018658106999995955
    }
  },
  "trading_enabled": true
}