{
  "timestamp": "2025-06-28T03:37:45.286169",
  "portfolio_name": "coinbase_all_eur",
  "strategy": "moderate",
  "portfolio_value": 96.5439997535612,
  "available_capital": 2.2021535771112,
  "existing_positions": {
    "SOL/EUR": {
      "amount": 0.469,
      "current_price": 120.63,
      "buy_price": 126.47306216445935,
      "eur_value": 56.575469999999996,
      "profit_loss_pct": -4.6200052916101,
      "profit_loss_eur": -2.740396155131437
    },
    "BTC/EUR": {
      "amount": 4.089e-05,
      "current_price": 91278.56,
      "buy_price": 91682.98,
      "eur_value": 3.7323803184,
      "profit_loss_pct": -0.44110695354797397,
      "profit_loss_eur": -0.01653673379999993
    }
  },
  "trading_enabled": true
}