{
  "timestamp": "2025-06-27T04:21:53.683130",
  "portfolio_name": "coinbase_all_eur",
  "strategy": "moderate",
  "portfolio_value": 95.36855279721121,
  "available_capital": 2.2021535771112,
  "existing_positions": {
    "XRP/EUR": {
      "amount": 18.560795,
      "current_price": 1.7941,
      "buy_price": 1.8815,
      "eur_value": 33.2999223095,
      "profit_loss_pct": -4.6452298697847425,
      "profit_loss_eur": -1.6222134829999983
    },
    "SOL/EUR": {
      "amount": 0.469,
      "current_price": 119.64,
      "buy_price": 126.47306216445935,
      "eur_value": 56.11116,
      "profit_loss_pct": -5.402780677180071,
      "profit_loss_eur": -3.2047061551314346
    },
    "BTC/EUR": {
      "amount": 4.089e-05,
      "current_price": 91666.93,
      "buy_price": 91682.98,
      "eur_value": 3.7482607677,
      "profit_loss_pct": -0.01750597548203921,
      "profit_loss_eur": -0.000656284500000119
    }
  },
  "trading_enabled": true
}