{
  "timestamp": "2025-06-25T20:12:31.232929",
  "portfolio_name": "coinbase_all_eur",
  "strategy": "moderate",
  "portfolio_value": 98.87051531361121,
  "available_capital": 2.2021535771112,
  "existing_positions": {
    "XRP/EUR": {
      "amount": 18.560795,
      "current_price": 1.8802,
      "buy_price": 1.8815,
      "eur_value": 34.898006759,
      "profit_loss_pct": -0.06909380813180212,
      "profit_loss_eur": -0.02412903349999734
    },
    "SOL/EUR": {
      "amount": 0.469,
      "current_price": 123.61,
      "buy_price": 126.47306216445935,
      "eur_value": 57.97309,
      "profit_loss_pct": -2.2637723128237104,
      "profit_loss_eur": -1.3427761551314352
    },
    "BTC/EUR": {
      "amount": 4.089e-05,
      "current_price": 92379.25,
      "buy_price": 91682.98,
      "eur_value": 3.7773875325,
      "profit_loss_pct": 0.7594321214253771,
      "profit_loss_eur": 0.02847048030000017
    }
  },
  "trading_enabled": true
}