{
  "timestamp": "2025-06-25T17:51:30.753847",
  "portfolio_name": "coinbase_all_eur",
  "strategy": "moderate",
  "portfolio_value": 98.9854589405612,
  "available_capital": 2.2021535771112,
  "existing_positions": {
    "XRP/EUR": {
      "amount": 18.560795,
      "current_price": 1.8826,
      "buy_price": 1.8815,
      "eur_value": 34.942552667,
      "profit_loss_pct": 0.05846399149615206,
      "profit_loss_eur": 0.02041687450000187
    },
    "SOL/EUR": {
      "amount": 0.469,
      "current_price": 123.76,
      "buy_price": 126.47306216445935,
      "eur_value": 58.04344,
      "profit_loss_pct": -2.14516998167674,
      "profit_loss_eur": -1.2724261551314326
    },
    "BTC/EUR": {
      "amount": 4.089e-05,
      "current_price": 92249.36,
      "buy_price": 91682.98,
      "eur_value": 3.7720763304000005,
      "profit_loss_pct": 0.6177591522439658,
      "profit_loss_eur": 0.023159278200000192
    }
  },
  "trading_enabled": true
}