{
  "timestamp": "2025-06-25T21:50:40.189746",
  "portfolio_name": "coinbase_all_eur",
  "strategy": "moderate",
  "portfolio_value": 99.14083902831119,
  "available_capital": 2.2021535771112,
  "existing_positions": {
    "XRP/EUR": {
      "amount": 18.560795,
      "current_price": 1.887,
      "buy_price": 1.8815,
      "eur_value": 35.024220164999996,
      "profit_loss_pct": 0.2923199574807367,
      "profit_loss_eur": 0.10208437250000112
    },
    "SOL/EUR": {
      "amount": 0.469,
      "current_price": 123.93,
      "buy_price": 126.47306216445935,
      "eur_value": 58.12317,
      "profit_loss_pct": -2.0107540063768443,
      "profit_loss_eur": -1.1926961551314317
    },
    "BTC/EUR": {
      "amount": 4.089e-05,
      "current_price": 92492.59,
      "buy_price": 91682.98,
      "eur_value": 3.7820220051,
      "profit_loss_pct": 0.8830537576330968,
      "profit_loss_eur": 0.033104952900000026
    }
  },
  "trading_enabled": true
}