{
  "timestamp": "2025-06-25T11:49:42.756941",
  "portfolio_name": "coinbase_all_eur",
  "strategy": "moderate",
  "portfolio_value": 99.8014422724612,
  "available_capital": 2.2021535771112,
  "existing_positions": {
    "XRP/EUR": {
      "amount": 18.560795,
      "current_price": 1.8833,
      "buy_price": 1.8815,
      "eur_value": 34.955545223499996,
      "profit_loss_pct": 0.09566834972096858,
      "profit_loss_eur": 0.03340943100000044
    },
    "SOL/EUR": {
      "amount": 0.469,
      "current_price": 125.58,
      "buy_price": 126.47306216445935,
      "eur_value": 58.89702,
      "profit_loss_pct": -0.7061283637602269,
      "profit_loss_eur": -0.4188461551314358
    },
    "BTC/EUR": {
      "amount": 4.089e-05,
      "current_price": 91904.85,
      "buy_price": 91682.98,
      "eur_value": 3.7579893165000007,
      "profit_loss_pct": 0.24199693334576375,
      "profit_loss_eur": 0.009072264300000405
    }
  },
  "trading_enabled": true
}