{
  "timestamp": "2025-06-26T21:57:03.027387",
  "portfolio_name": "coinbase_all_eur",
  "strategy": "moderate",
  "portfolio_value": 96.8834006188612,
  "available_capital": 2.2021535771112,
  "existing_positions": {
    "SOL/EUR": {
      "amount": 0.469,
      "current_price": 121.73,
      "buy_price": 126.47306216445935,
      "eur_value": 57.09137,
      "profit_loss_pct": -3.750254863199012,
      "profit_loss_eur": -2.224496155131433
    },
    "BTC/EUR": {
      "amount": 4.089e-05,
      "current_price": 91940.68,
      "buy_price": 91682.98,
      "eur_value": 3.7594544052,
      "profit_loss_pct": 0.2810772511975474,
      "profit_loss_eur": 0.010537352999999881
    }
  },
  "trading_enabled": true
}