{
  "timestamp": "2025-06-27T18:06:58.266600",
  "portfolio_name": "coinbase_all_eur",
  "strategy": "moderate",
  "portfolio_value": 96.61702193141122,
  "available_capital": 2.2021535771112,
  "existing_positions": {
    "XRP/EUR": {
      "amount": 18.560795,
      "current_price": 1.7903,
      "buy_price": 1.8815,
      "eur_value": 33.2293912885,
      "profit_loss_pct": -4.8471963858623415,
      "profit_loss_eur": -1.6927445039999989
    },
    "SOL/EUR": {
      "amount": 0.469,
      "current_price": 122.48,
      "buy_price": 126.47306216445935,
      "eur_value": 57.44312,
      "profit_loss_pct": -3.1572432074641825,
      "profit_loss_eur": -1.872746155131433
    },
    "BTC/EUR": {
      "amount": 4.089e-05,
      "current_price": 91584.81,
      "buy_price": 91682.98,
      "eur_value": 3.7449028809000002,
      "profit_loss_pct": -0.10707548991099357,
      "profit_loss_eur": -0.004014171299999929
    }
  },
  "trading_enabled": true
}