{
  "timestamp": "2025-06-26T18:21:32.949779",
  "portfolio_name": "coinbase_all_eur",
  "strategy": "moderate",
  "portfolio_value": 96.2028035072612,
  "available_capital": 2.2021535771112,
  "existing_positions": {
    "XRP/EUR": {
      "amount": 18.560795,
      "current_price": 1.7926,
      "buy_price": 1.8815,
      "eur_value": 33.272081117,
      "profit_loss_pct": -4.724953494552218,
      "profit_loss_eur": -1.6500546754999994
    },
    "SOL/EUR": {
      "amount": 0.469,
      "current_price": 121.48,
      "buy_price": 126.47306216445935,
      "eur_value": 56.97412,
      "profit_loss_pct": -3.947925415110621,
      "profit_loss_eur": -2.341746155131433
    },
    "BTC/EUR": {
      "amount": 4.089e-05,
      "current_price": 91432.6,
      "buy_price": 91682.98,
      "eur_value": 3.7386790140000006,
      "profit_loss_pct": -0.27309321751975135,
      "profit_loss_eur": -0.010238038199999596
    }
  },
  "trading_enabled": true
}