{
  "timestamp": "2025-06-27T12:34:25.552089",
  "portfolio_name": "coinbase_all_eur",
  "strategy": "moderate",
  "portfolio_value": 96.0084546861612,
  "available_capital": 2.2021535771112,
  "existing_positions": {
    "SOL/EUR": {
      "amount": 0.469,
      "current_price": 121.25,
      "buy_price": 126.47306216445935,
      "eur_value": 56.866249999999994,
      "profit_loss_pct": -4.129782322869305,
      "profit_loss_eur": -2.449616155131435
    },
    "BTC/EUR": {
      "amount": 4.089e-05,
      "current_price": 91511.82,
      "buy_price": 91682.98,
      "eur_value": 3.741918319800001,
      "profit_loss_pct": -0.18668677654237345,
      "profit_loss_eur": -0.006998732399999548
    }
  },
  "trading_enabled": true
}