{
  "timestamp": "2025-06-27T00:46:34.436851",
  "portfolio_name": "coinbase_all_eur",
  "strategy": "moderate",
  "portfolio_value": 95.5676427275612,
  "available_capital": 2.2021535771112,
  "existing_positions": {
    "XRP/EUR": {
      "amount": 18.560795,
      "current_price": 1.8098,
      "buy_price": 1.8815,
      "eur_value": 33.591326791,
      "profit_loss_pct": -3.8107892638851912,
      "profit_loss_eur": -1.3308090014999976
    },
    "SOL/EUR": {
      "amount": 0.469,
      "current_price": 119.47,
      "buy_price": 126.47306216445935,
      "eur_value": 56.03142999999999,
      "profit_loss_pct": -5.537196652479967,
      "profit_loss_eur": -3.2844361551314356
    },
    "BTC/EUR": {
      "amount": 4.089e-05,
      "current_price": 91638.67,
      "buy_price": 91682.98,
      "eur_value": 3.7471052163,
      "profit_loss_pct": -0.048329580910216566,
      "profit_loss_eur": -0.001811835899999905
    }
  },
  "trading_enabled": true
}