{
  "timestamp": "2025-06-26T07:20:15.493560",
  "portfolio_name": "coinbase_all_eur",
  "strategy": "moderate",
  "portfolio_value": 99.09139310181119,
  "available_capital": 2.2021535771112,
  "existing_positions": {
    "SOL/EUR": {
      "amount": 0.469,
      "current_price": 124.26,
      "buy_price": 126.47306216445935,
      "eur_value": 58.27794,
      "profit_loss_pct": -1.7498288778535205,
      "profit_loss_eur": -1.0379261551314325
    },
    "BTC/EUR": {
      "amount": 4.089e-05,
      "current_price": 92289.04,
      "buy_price": 91682.98,
      "eur_value": 3.7736988456000002,
      "profit_loss_pct": 0.6610387227814778,
      "profit_loss_eur": 0.024781793399999908
    }
  },
  "trading_enabled": true
}