{
  "timestamp": "2025-06-27T05:08:04.021174",
  "portfolio_name": "coinbase_all_eur",
  "strategy": "moderate",
  "portfolio_value": 95.8955952940112,
  "available_capital": 2.2021535771112,
  "existing_positions": {
    "XRP/EUR": {
      "amount": 18.560795,
      "current_price": 1.7989,
      "buy_price": 1.8815,
      "eur_value": 33.3890141255,
      "profit_loss_pct": -4.390114270528834,
      "profit_loss_eur": -1.533121667
    },
    "SOL/EUR": {
      "amount": 0.469,
      "current_price": 120.57,
      "buy_price": 126.47306216445935,
      "eur_value": 56.547329999999995,
      "profit_loss_pct": -4.66744622406889,
      "profit_loss_eur": -2.768536155131438
    },
    "BTC/EUR": {
      "amount": 4.089e-05,
      "current_price": 91687.44,
      "buy_price": 91682.98,
      "eur_value": 3.7490994216000004,
      "profit_loss_pct": 0.004864588825544723,
      "profit_loss_eur": 0.00018236940000026182
    }
  },
  "trading_enabled": true
}