{
  "timestamp": "2025-06-25T22:52:18.280463",
  "portfolio_name": "coinbase_all_eur",
  "strategy": "moderate",
  "portfolio_value": 99.2047137927112,
  "available_capital": 2.2021535771112,
  "existing_positions": {
    "XRP/EUR": {
      "amount": 18.560795,
      "current_price": 1.8854,
      "buy_price": 1.8815,
      "eur_value": 34.994522892999996,
      "profit_loss_pct": 0.20728142439542996,
      "profit_loss_eur": 0.07238710050000026
    },
    "SOL/EUR": {
      "amount": 0.469,
      "current_price": 124.14,
      "buy_price": 126.47306216445935,
      "eur_value": 58.22166,
      "profit_loss_pct": -1.8447107427710967,
      "profit_loss_eur": -1.0942061551314348
    },
    "BTC/EUR": {
      "amount": 4.089e-05,
      "current_price": 92528.51,
      "buy_price": 91682.98,
      "eur_value": 3.7834907739,
      "profit_loss_pct": 0.9222322398333899,
      "profit_loss_eur": 0.034573721699999956
    }
  },
  "trading_enabled": true
}