{
  "timestamp": "2025-06-28T06:12:03.263510",
  "portfolio_name": "coinbase_all_eur",
  "strategy": "moderate",
  "portfolio_value": 97.9719030137612,
  "available_capital": 2.2021535771112,
  "existing_positions": {
    "XRP/EUR": {
      "amount": 18.560795,
      "current_price": 1.8671,
      "buy_price": 1.8815,
      "eur_value": 34.654860344499994,
      "profit_loss_pct": -0.7653467977677368,
      "profit_loss_eur": -0.2672754479999994
    },
    "SOL/EUR": {
      "amount": 0.469,
      "current_price": 122.31,
      "buy_price": 126.47306216445935,
      "eur_value": 57.363389999999995,
      "profit_loss_pct": -3.2916591827640787,
      "profit_loss_eur": -1.9524761551314338
    },
    "BTC/EUR": {
      "amount": 4.089e-05,
      "current_price": 91638.25,
      "buy_price": 91682.98,
      "eur_value": 3.7470880425,
      "profit_loss_pct": -0.048787681203202524,
      "profit_loss_eur": -0.0018290096999998336
    }
  },
  "trading_enabled": true
}