{
  "timestamp": "2025-06-25T19:10:42.489779",
  "portfolio_name": "coinbase_all_eur",
  "strategy": "moderate",
  "portfolio_value": 98.6776237540112,
  "available_capital": 2.2021535771112,
  "existing_positions": {
    "XRP/EUR": {
      "amount": 18.560795,
      "current_price": 1.8742,
      "buy_price": 1.8815,
      "eur_value": 34.786641988999996,
      "profit_loss_pct": -0.38798830720169347,
      "profit_loss_eur": -0.13549380349999743
    },
    "SOL/EUR": {
      "amount": 0.469,
      "current_price": 123.46,
      "buy_price": 126.47306216445935,
      "eur_value": 57.902739999999994,
      "profit_loss_pct": -2.3823746439706808,
      "profit_loss_eur": -1.4131261551314378
    },
    "BTC/EUR": {
      "amount": 4.089e-05,
      "current_price": 92220.46,
      "buy_price": 91682.98,
      "eur_value": 3.7708946094000004,
      "profit_loss_pct": 0.5862374892264742,
      "profit_loss_eur": 0.02197755720000043
    }
  },
  "trading_enabled": true
}