{
  "timestamp": "2025-06-27T03:04:52.538619",
  "portfolio_name": "coinbase_all_eur",
  "strategy": "moderate",
  "portfolio_value": 94.3531369171612,
  "available_capital": 2.2021535771112,
  "existing_positions": {
    "XRP/EUR": {
      "amount": 18.560795,
      "current_price": 1.7825,
      "buy_price": 1.8815,
      "eur_value": 33.0846170875,
      "profit_loss_pct": -5.2617592346532005,
      "profit_loss_eur": -1.8375187049999995
    },
    "SOL/EUR": {
      "amount": 0.469,
      "current_price": 117.96,
      "buy_price": 126.47306216445935,
      "eur_value": 55.32323999999999,
      "profit_loss_pct": -6.731126786026094,
      "profit_loss_eur": -3.992626155131438
    },
    "BTC/EUR": {
      "amount": 4.089e-05,
      "current_price": 91237.57,
      "buy_price": 91682.98,
      "eur_value": 3.730704237300001,
      "profit_loss_pct": -0.4858153607136122,
      "profit_loss_eur": -0.018212814899999548
    }
  },
  "trading_enabled": true
}