{
  "timestamp": "2025-06-25T20:43:23.569651",
  "portfolio_name": "coinbase_all_eur",
  "strategy": "moderate",
  "portfolio_value": 98.67050225236119,
  "available_capital": 2.2021535771112,
  "existing_positions": {
    "XRP/EUR": {
      "amount": 18.560795,
      "current_price": 1.8799,
      "buy_price": 1.8815,
      "eur_value": 34.892438520499994,
      "profit_loss_pct": -0.08503853308530672,
      "profit_loss_eur": -0.02969727200000085
    },
    "SOL/EUR": {
      "amount": 0.469,
      "current_price": 123.22,
      "buy_price": 126.47306216445935,
      "eur_value": 57.79018,
      "profit_loss_pct": -2.572138373805822,
      "profit_loss_eur": -1.5256861551314356
    },
    "BTC/EUR": {
      "amount": 4.089e-05,
      "current_price": 92229.74,
      "buy_price": 91682.98,
      "eur_value": 3.7712740686000004,
      "profit_loss_pct": 0.596359324271538,
      "profit_loss_eur": 0.022357016400000384
    }
  },
  "trading_enabled": true
}