{
  "timestamp": "2025-06-27T03:51:03.649043",
  "portfolio_name": "coinbase_all_eur",
  "strategy": "moderate",
  "portfolio_value": 95.2970234057112,
  "available_capital": 2.2021535771112,
  "existing_positions": {
    "XRP/EUR": {
      "amount": 18.560795,
      "current_price": 1.7947,
      "buy_price": 1.8815,
      "eur_value": 33.3110587865,
      "profit_loss_pct": -4.613340419877757,
      "profit_loss_eur": -1.6110770059999997
    },
    "SOL/EUR": {
      "amount": 0.469,
      "current_price": 119.51,
      "buy_price": 126.47306216445935,
      "eur_value": 56.05019,
      "profit_loss_pct": -5.505569364174105,
      "profit_loss_eur": -3.2656761551314326
    },
    "BTC/EUR": {
      "amount": 4.089e-05,
      "current_price": 91623.88,
      "buy_price": 91682.98,
      "eur_value": 3.7465004532000004,
      "profit_loss_pct": -0.06446125551328204,
      "profit_loss_eur": -0.0024165989999996433
    }
  },
  "trading_enabled": true
}