{
  "timestamp": "2025-06-28T00:17:06.288996",
  "portfolio_name": "coinbase_all_eur",
  "strategy": "moderate",
  "portfolio_value": 97.16258765531119,
  "available_capital": 2.2021535771112,
  "existing_positions": {
    "XRP/EUR": {
      "amount": 18.560795,
      "current_price": 1.8338,
      "buy_price": 1.8815,
      "eur_value": 34.036785871,
      "profit_loss_pct": -2.5352112676056264,
      "profit_loss_eur": -0.8853499214999972
    },
    "SOL/EUR": {
      "amount": 0.469,
      "current_price": 121.9,
      "buy_price": 126.47306216445935,
      "eur_value": 57.1711,
      "profit_loss_pct": -3.6158388878991157,
      "profit_loss_eur": -2.1447661551314323
    },
    "BTC/EUR": {
      "amount": 4.089e-05,
      "current_price": 91540.6,
      "buy_price": 91682.98,
      "eur_value": 3.7430951340000007,
      "profit_loss_pct": -0.15529599932287336,
      "profit_loss_eur": -0.005821918199999596
    }
  },
  "trading_enabled": true
}