{
  "timestamp": "2025-06-27T14:22:11.796164",
  "portfolio_name": "coinbase_all_eur",
  "strategy": "moderate",
  "portfolio_value": 96.3249042698112,
  "available_capital": 2.2021535771112,
  "existing_positions": {
    "SOL/EUR": {
      "amount": 0.469,
      "current_price": 121.82,
      "buy_price": 126.47306216445935,
      "eur_value": 57.133579999999995,
      "profit_loss_pct": -3.679093464510841,
      "profit_loss_eur": -2.1822861551314383
    },
    "BTC/EUR": {
      "amount": 4.089e-05,
      "current_price": 91452.69,
      "buy_price": 91682.98,
      "eur_value": 3.7395004941000005,
      "profit_loss_pct": -0.2511807535051692,
      "profit_loss_eur": -0.00941655809999974
    }
  },
  "trading_enabled": true
}