{
  "timestamp": "2025-06-26T04:46:27.069347",
  "portfolio_name": "coinbase_all_eur",
  "strategy": "moderate",
  "portfolio_value": 99.08600114196119,
  "available_capital": 2.2021535771112,
  "existing_positions": {
    "XRP/EUR": {
      "amount": 18.560795,
      "current_price": 1.8771,
      "buy_price": 1.8815,
      "eur_value": 34.8404682945,
      "profit_loss_pct": -0.23385596598458464,
      "profit_loss_eur": -0.08166749799999924
    },
    "SOL/EUR": {
      "amount": 0.469,
      "current_price": 124.28,
      "buy_price": 126.47306216445935,
      "eur_value": 58.287319999999994,
      "profit_loss_pct": -1.7340152337005952,
      "profit_loss_eur": -1.0285461551314345
    },
    "BTC/EUR": {
      "amount": 4.089e-05,
      "current_price": 92176.81,
      "buy_price": 91682.98,
      "eur_value": 3.7691097609,
      "profit_loss_pct": 0.5386277802052265,
      "profit_loss_eur": 0.020192708700000072
    }
  },
  "trading_enabled": true
}