{
  "timestamp": "2025-06-27T02:03:23.514765",
  "portfolio_name": "coinbase_all_eur",
  "strategy": "moderate",
  "portfolio_value": 95.2161377363612,
  "available_capital": 2.2021535771112,
  "existing_positions": {
    "SOL/EUR": {
      "amount": 0.469,
      "current_price": 119.01,
      "buy_price": 126.47306216445935,
      "eur_value": 55.81569,
      "profit_loss_pct": -5.900910467997324,
      "profit_loss_eur": -3.5001761551314323
    },
    "BTC/EUR": {
      "amount": 4.089e-05,
      "current_price": 91489.14,
      "buy_price": 91682.98,
      "eur_value": 3.7409909346,
      "profit_loss_pct": -0.21142419236372612,
      "profit_loss_eur": -0.007926117599999857
    }
  },
  "trading_enabled": true
}