{
  "timestamp": "2025-06-27T09:29:47.656080",
  "portfolio_name": "coinbase_all_eur",
  "strategy": "moderate",
  "portfolio_value": 95.82024313961121,
  "available_capital": 2.2021535771112,
  "existing_positions": {
    "SOL/EUR": {
      "amount": 0.469,
      "current_price": 120.85,
      "buy_price": 126.47306216445935,
      "eur_value": 56.67865,
      "profit_loss_pct": -4.446055205927886,
      "profit_loss_eur": -2.6372161551314375
    },
    "BTC/EUR": {
      "amount": 4.089e-05,
      "current_price": 91692.07,
      "buy_price": 91682.98,
      "eur_value": 3.7492887423000005,
      "profit_loss_pct": 0.009914599198249293,
      "profit_loss_eur": 0.00037169010000045224
    }
  },
  "trading_enabled": true
}