{
  "timestamp": "2025-06-26T08:06:15.041819",
  "portfolio_name": "coinbase_all_eur",
  "strategy": "moderate",
  "portfolio_value": 98.8342833436112,
  "available_capital": 2.2021535771112,
  "existing_positions": {
    "SOL/EUR": {
      "amount": 0.469,
      "current_price": 123.89,
      "buy_price": 126.47306216445935,
      "eur_value": 58.104409999999994,
      "profit_loss_pct": -2.042381294682707,
      "profit_loss_eur": -1.2114561551314347
    },
    "BTC/EUR": {
      "amount": 4.089e-05,
      "current_price": 92242.14,
      "buy_price": 91682.98,
      "eur_value": 3.7717811046000005,
      "profit_loss_pct": 0.6098841900645066,
      "profit_loss_eur": 0.022864052400000143
    }
  },
  "trading_enabled": true
}