{
  "timestamp": "2025-06-27T07:11:14.700347",
  "portfolio_name": "coinbase_all_eur",
  "strategy": "moderate",
  "portfolio_value": 96.2247891725112,
  "available_capital": 2.2021535771112,
  "existing_positions": {
    "XRP/EUR": {
      "amount": 18.560795,
      "current_price": 1.8047,
      "buy_price": 1.8815,
      "eur_value": 33.496666736499996,
      "profit_loss_pct": -4.081849588094604,
      "profit_loss_eur": -1.4254690559999996
    },
    "SOL/EUR": {
      "amount": 0.469,
      "current_price": 121.0,
      "buy_price": 126.47306216445935,
      "eur_value": 56.748999999999995,
      "profit_loss_pct": -4.3274528747809144,
      "profit_loss_eur": -2.566866155131435
    },
    "BTC/EUR": {
      "amount": 4.089e-05,
      "current_price": 92026.13,
      "buy_price": 91682.98,
      "eur_value": 3.7629484557000006,
      "profit_loss_pct": 0.3742788465209232,
      "profit_loss_eur": 0.014031403500000358
    }
  },
  "trading_enabled": true
}