{
  "timestamp": "2025-06-25T17:43:07.773650",
  "portfolio_name": "coinbase_all_eur",
  "strategy": "moderate",
  "portfolio_value": 98.7131067357112,
  "available_capital": 2.2021535771112,
  "existing_positions": {
    "XRP/EUR": {
      "amount": 18.560795,
      "current_price": 1.8779,
      "buy_price": 1.8815,
      "eur_value": 34.855316930499995,
      "profit_loss_pct": -0.19133669944193715,
      "profit_loss_eur": -0.06681886200000088
    },
    "SOL/EUR": {
      "amount": 0.469,
      "current_price": 123.41,
      "buy_price": 126.47306216445935,
      "eur_value": 57.87929,
      "profit_loss_pct": -2.4219087543530002,
      "profit_loss_eur": -1.4365761551314367
    },
    "BTC/EUR": {
      "amount": 4.089e-05,
      "current_price": 92015.77,
      "buy_price": 91682.98,
      "eur_value": 3.7625248353000003,
      "profit_loss_pct": 0.36297903929388875,
      "profit_loss_eur": 0.013607783100000334
    }
  },
  "trading_enabled": true
}