{
  "timestamp": "2025-06-25T20:27:59.069338",
  "portfolio_name": "coinbase_all_eur",
  "strategy": "moderate",
  "portfolio_value": 98.7174249623112,
  "available_capital": 2.2021535771112,
  "existing_positions": {
    "XRP/EUR": {
      "amount": 18.560795,
      "current_price": 1.8819,
      "buy_price": 1.8815,
      "eur_value": 34.9295601105,
      "profit_loss_pct": 0.021259633271323727,
      "profit_loss_eur": 0.007424317999999182
    },
    "SOL/EUR": {
      "amount": 0.469,
      "current_price": 123.28,
      "buy_price": 126.47306216445935,
      "eur_value": 57.81832,
      "profit_loss_pct": -2.5246974413470338,
      "profit_loss_eur": -1.4975461551314344
    },
    "BTC/EUR": {
      "amount": 4.089e-05,
      "current_price": 92289.58,
      "buy_price": 91682.98,
      "eur_value": 3.7737209262,
      "profit_loss_pct": 0.661627708872471,
      "profit_loss_eur": 0.02480387400000024
    }
  },
  "trading_enabled": true
}