{
  "timestamp": "2025-06-25T14:23:10.143915",
  "portfolio_name": "coinbase_all_eur",
  "strategy": "moderate",
  "portfolio_value": 100.0336512728112,
  "available_capital": 2.2021535771112,
  "existing_positions": {
    "XRP/EUR": {
      "amount": 18.560795,
      "current_price": 1.8887,
      "buy_price": 1.8815,
      "eur_value": 35.0557735165,
      "profit_loss_pct": 0.3826733988838743,
      "profit_loss_eur": 0.13363772400000176
    },
    "SOL/EUR": {
      "amount": 0.469,
      "current_price": 125.75,
      "buy_price": 126.47306216445935,
      "eur_value": 58.976749999999996,
      "profit_loss_pct": -0.571712388460331,
      "profit_loss_eur": -0.339116155131435
    },
    "BTC/EUR": {
      "amount": 4.089e-05,
      "current_price": 92335.24,
      "buy_price": 91682.98,
      "eur_value": 3.7755879636000005,
      "profit_loss_pct": 0.7114297550101549,
      "profit_loss_eur": 0.026670911400000382
    }
  },
  "trading_enabled": true
}