{
  "timestamp": "2025-06-26T04:15:38.544285",
  "portfolio_name": "coinbase_all_eur",
  "strategy": "moderate",
  "portfolio_value": 99.47149945731118,
  "available_capital": 2.2021535771112,
  "existing_positions": {
    "XRP/EUR": {
      "amount": 18.560795,
      "current_price": 1.8811,
      "buy_price": 1.8815,
      "eur_value": 34.914711474499995,
      "profit_loss_pct": -0.021259633271323727,
      "profit_loss_eur": -0.007424317999999182
    },
    "SOL/EUR": {
      "amount": 0.469,
      "current_price": 124.88,
      "buy_price": 126.47306216445935,
      "eur_value": 58.56871999999999,
      "profit_loss_pct": -1.2596059091127363,
      "profit_loss_eur": -0.7471461551314371
    },
    "BTC/EUR": {
      "amount": 4.089e-05,
      "current_price": 92287.42,
      "buy_price": 91682.98,
      "eur_value": 3.7736326038000003,
      "profit_loss_pct": 0.6592717645085296,
      "profit_loss_eur": 0.024715551600000097
    }
  },
  "trading_enabled": true
}