{
  "timestamp": "2025-06-27T12:49:54.622076",
  "portfolio_name": "coinbase_all_eur",
  "strategy": "moderate",
  "portfolio_value": 96.0403226188612,
  "available_capital": 2.2021535771112,
  "existing_positions": {
    "XRP/EUR": {
      "amount": 18.560795,
      "current_price": 1.7872,
      "buy_price": 1.8815,
      "eur_value": 33.171852824,
      "profit_loss_pct": -5.011958543715124,
      "profit_loss_eur": -1.7502829685000008
    },
    "SOL/EUR": {
      "amount": 0.469,
      "current_price": 121.36,
      "buy_price": 126.47306216445935,
      "eur_value": 56.91784,
      "profit_loss_pct": -4.042807280028198,
      "profit_loss_eur": -2.398026155131435
    },
    "BTC/EUR": {
      "amount": 4.089e-05,
      "current_price": 91418.03,
      "buy_price": 91682.98,
      "eur_value": 3.7380832467,
      "profit_loss_pct": -0.28898493482650445,
      "profit_loss_eur": -0.010833805499999882
    }
  },
  "trading_enabled": true
}