{
  "timestamp": "2025-06-26T16:49:24.093009",
  "portfolio_name": "coinbase_all_eur",
  "strategy": "moderate",
  "portfolio_value": 97.2764347417112,
  "available_capital": 2.2021535771112,
  "existing_positions": {
    "XRP/EUR": {
      "amount": 18.560795,
      "current_price": 1.8249,
      "buy_price": 1.8815,
      "eur_value": 33.871594795499995,
      "profit_loss_pct": -3.008238107892638,
      "profit_loss_eur": -1.0505409969999997
    },
    "SOL/EUR": {
      "amount": 0.469,
      "current_price": 122.48,
      "buy_price": 126.47306216445935,
      "eur_value": 57.44312,
      "profit_loss_pct": -3.1572432074641825,
      "profit_loss_eur": -1.872746155131433
    },
    "BTC/EUR": {
      "amount": 4.089e-05,
      "current_price": 91945.73,
      "buy_price": 91682.98,
      "eur_value": 3.7596608997,
      "profit_loss_pct": 0.28658536186323785,
      "profit_loss_eur": 0.0107438475
    }
  },
  "trading_enabled": true
}