{
  "timestamp": "2025-06-26T08:52:26.749160",
  "portfolio_name": "coinbase_all_eur",
  "strategy": "moderate",
  "portfolio_value": 98.8066678344112,
  "available_capital": 2.2021535771112,
  "existing_positions": {
    "XRP/EUR": {
      "amount": 18.560795,
      "current_price": 1.8721,
      "buy_price": 1.8815,
      "eur_value": 34.7476643195,
      "profit_loss_pct": -0.4996013818761549,
      "profit_loss_eur": -0.17447147299999727
    },
    "SOL/EUR": {
      "amount": 0.469,
      "current_price": 123.84,
      "buy_price": 126.47306216445935,
      "eur_value": 58.08096,
      "profit_loss_pct": -2.081915405065026,
      "profit_loss_eur": -1.2349061551314333
    },
    "BTC/EUR": {
      "amount": 4.089e-05,
      "current_price": 92227.1,
      "buy_price": 91682.98,
      "eur_value": 3.7711661190000005,
      "profit_loss_pct": 0.593479836715615,
      "profit_loss_eur": 0.022249066800000408
    }
  },
  "trading_enabled": true
}