{
  "timestamp": "2025-06-25T13:37:05.439430",
  "portfolio_name": "coinbase_all_eur",
  "strategy": "moderate",
  "portfolio_value": 100.1840288893112,
  "available_capital": 2.2021535771112,
  "existing_positions": {
    "SOL/EUR": {
      "amount": 0.469,
      "current_price": 126.01,
      "buy_price": 126.47306216445935,
      "eur_value": 59.09869,
      "profit_loss_pct": -0.36613501447225294,
      "profit_loss_eur": -0.21717615513143265
    },
    "BTC/EUR": {
      "amount": 4.089e-05,
      "current_price": 92376.9,
      "buy_price": 91682.98,
      "eur_value": 3.777291441,
      "profit_loss_pct": 0.7568689412146052,
      "profit_loss_eur": 0.02837438879999993
    }
  },
  "trading_enabled": true
}