{
  "timestamp": "2025-06-27T03:35:39.180964",
  "portfolio_name": "coinbase_all_eur",
  "strategy": "moderate",
  "portfolio_value": 95.1497546322612,
  "available_capital": 2.2021535771112,
  "existing_positions": {
    "SOL/EUR": {
      "amount": 0.469,
      "current_price": 119.16,
      "buy_price": 126.47306216445935,
      "eur_value": 55.886039999999994,
      "profit_loss_pct": -5.782308136850365,
      "profit_loss_eur": -3.4298261551314364
    },
    "BTC/EUR": {
      "amount": 4.089e-05,
      "current_price": 91626.62,
      "buy_price": 91682.98,
      "eur_value": 3.7466124918,
      "profit_loss_pct": -0.06147269645903808,
      "profit_loss_eur": -0.002304560400000024
    }
  },
  "trading_enabled": true
}