{
  "timestamp": "2025-06-26T11:56:50.600055",
  "portfolio_name": "coinbase_all_eur",
  "strategy": "moderate",
  "portfolio_value": 97.98099075376118,
  "available_capital": 2.2021535771112,
  "existing_positions": {
    "SOL/EUR": {
      "amount": 0.469,
      "current_price": 122.69,
      "buy_price": 126.47306216445935,
      "eur_value": 57.54161,
      "profit_loss_pct": -2.9911999438584354,
      "profit_loss_eur": -1.774256155131436
    },
    "BTC/EUR": {
      "amount": 4.089e-05,
      "current_price": 91574.06,
      "buy_price": 91682.98,
      "eur_value": 3.7444633134000003,
      "profit_loss_pct": -0.11880067598151614,
      "profit_loss_eur": -0.004453738799999929
    }
  },
  "trading_enabled": true
}