{
  "timestamp": "2025-06-26T01:26:12.151522",
  "portfolio_name": "coinbase_all_eur",
  "strategy": "moderate",
  "portfolio_value": 98.0877775679612,
  "available_capital": 2.2021535771112,
  "existing_positions": {
    "XRP/EUR": {
      "amount": 18.560795,
      "current_price": 1.8715,
      "buy_price": 1.8815,
      "eur_value": 34.736527842499996,
      "profit_loss_pct": -0.5314908317831523,
      "profit_loss_eur": -0.18560795000000016
    },
    "SOL/EUR": {
      "amount": 0.469,
      "current_price": 122.35,
      "buy_price": 126.47306216445935,
      "eur_value": 57.382149999999996,
      "profit_loss_pct": -3.260031894458227,
      "profit_loss_eur": -1.9337161551314377
    },
    "BTC/EUR": {
      "amount": 4.089e-05,
      "current_price": 91918.26,
      "buy_price": 91682.98,
      "eur_value": 3.7585376514,
      "profit_loss_pct": 0.256623421271864,
      "profit_loss_eur": 0.009620599199999953
    }
  },
  "trading_enabled": true
}