{
  "timestamp": "2025-06-27T21:27:14.419421",
  "portfolio_name": "coinbase_all_eur",
  "strategy": "moderate",
  "portfolio_value": 95.7399271020112,
  "available_capital": 2.2021535771112,
  "existing_positions": {
    "XRP/EUR": {
      "amount": 18.560795,
      "current_price": 1.7883,
      "buy_price": 1.8815,
      "eur_value": 33.1922696985,
      "profit_loss_pct": -4.953494552218972,
      "profit_loss_eur": -1.729866093999999
    },
    "SOL/EUR": {
      "amount": 0.469,
      "current_price": 120.69,
      "buy_price": 126.47306216445935,
      "eur_value": 56.603609999999996,
      "profit_loss_pct": -4.572564359151313,
      "profit_loss_eur": -2.712256155131436
    },
    "BTC/EUR": {
      "amount": 4.089e-05,
      "current_price": 91328.43,
      "buy_price": 91682.98,
      "eur_value": 3.7344195027000002,
      "profit_loss_pct": -0.38671299733058734,
      "profit_loss_eur": -0.01449754950000012
    }
  },
  "trading_enabled": true
}