{
  "timestamp": "2025-06-27T05:23:24.426644",
  "portfolio_name": "coinbase_all_eur",
  "strategy": "moderate",
  "portfolio_value": 95.92096256491119,
  "available_capital": 2.2021535771112,
  "existing_positions": {
    "SOL/EUR": {
      "amount": 0.469,
      "current_price": 120.68,
      "buy_price": 126.47306216445935,
      "eur_value": 56.59892,
      "profit_loss_pct": -4.58047118122777,
      "profit_loss_eur": -2.716946155131432
    },
    "BTC/EUR": {
      "amount": 4.089e-05,
      "current_price": 91694.41,
      "buy_price": 91682.98,
      "eur_value": 3.7493844249000006,
      "profit_loss_pct": 0.012466872259177841,
      "profit_loss_eur": 0.0004673727000003095
    }
  },
  "trading_enabled": true
}