{
  "timestamp": "2025-06-25T18:55:19.756777",
  "portfolio_name": "coinbase_all_eur",
  "strategy": "moderate",
  "portfolio_value": 98.51708986021119,
  "available_capital": 2.2021535771112,
  "existing_positions": {
    "XRP/EUR": {
      "amount": 18.560795,
      "current_price": 1.8707,
      "buy_price": 1.8815,
      "eur_value": 34.7216792065,
      "profit_loss_pct": -0.5740100983257996,
      "profit_loss_eur": -0.20045658599999852
    },
    "SOL/EUR": {
      "amount": 0.469,
      "current_price": 123.27,
      "buy_price": 126.47306216445935,
      "eur_value": 57.813629999999996,
      "profit_loss_pct": -2.532604263423502,
      "profit_loss_eur": -1.502236155131437
    },
    "BTC/EUR": {
      "amount": 4.089e-05,
      "current_price": 92106.13,
      "buy_price": 91682.98,
      "eur_value": 3.7662196557000005,
      "profit_loss_pct": 0.4615360451852773,
      "profit_loss_eur": 0.017302603500000357
    }
  },
  "trading_enabled": true
}