{
  "timestamp": "2025-06-27T07:57:29.204175",
  "portfolio_name": "coinbase_all_eur",
  "strategy": "moderate",
  "portfolio_value": 95.6932274356612,
  "available_capital": 2.2021535771112,
  "existing_positions": {
    "SOL/EUR": {
      "amount": 0.469,
      "current_price": 120.38,
      "buy_price": 126.47306216445935,
      "eur_value": 56.45822,
      "profit_loss_pct": -4.817675843521711,
      "profit_loss_eur": -2.857646155131437
    },
    "BTC/EUR": {
      "amount": 4.089e-05,
      "current_price": 91833.3,
      "buy_price": 91682.98,
      "eur_value": 3.7550636370000006,
      "profit_loss_pct": 0.16395627629032888,
      "profit_loss_eur": 0.006146584800000286
    }
  },
  "trading_enabled": true
}