{
  "timestamp": "2025-06-25T21:14:15.417857",
  "portfolio_name": "coinbase_all_eur",
  "strategy": "moderate",
  "portfolio_value": 98.92994683971119,
  "available_capital": 2.2021535771112,
  "existing_positions": {
    "XRP/EUR": {
      "amount": 18.560795,
      "current_price": 1.885,
      "buy_price": 1.8815,
      "eur_value": 34.987098575,
      "profit_loss_pct": 0.18602179112410624,
      "profit_loss_eur": 0.06496278250000108
    },
    "SOL/EUR": {
      "amount": 0.469,
      "current_price": 123.57,
      "buy_price": 126.47306216445935,
      "eur_value": 57.95432999999999,
      "profit_loss_pct": -2.295399601129573,
      "profit_loss_eur": -1.3615361551314382
    },
    "BTC/EUR": {
      "amount": 4.089e-05,
      "current_price": 92434.3,
      "buy_price": 91682.98,
      "eur_value": 3.7796385270000004,
      "profit_loss_pct": 0.8194759812562888,
      "profit_loss_eur": 0.030721474800000287
    }
  },
  "trading_enabled": true
}