{
  "timestamp": "2025-06-27T13:20:43.614068",
  "portfolio_name": "coinbase_all_eur",
  "strategy": "moderate",
  "portfolio_value": 96.06688947081119,
  "available_capital": 2.2021535771112,
  "existing_positions": {
    "XRP/EUR": {
      "amount": 18.560795,
      "current_price": 1.7883,
      "buy_price": 1.8815,
      "eur_value": 33.1922696985,
      "profit_loss_pct": -4.953494552218972,
      "profit_loss_eur": -1.729866093999999
    },
    "SOL/EUR": {
      "amount": 0.469,
      "current_price": 121.37,
      "buy_price": 126.47306216445935,
      "eur_value": 56.92253,
      "profit_loss_pct": -4.0349004579517285,
      "profit_loss_eur": -2.3933361551314327
    },
    "BTC/EUR": {
      "amount": 4.089e-05,
      "current_price": 91452.56,
      "buy_price": 91682.98,
      "eur_value": 3.7394951784000003,
      "profit_loss_pct": -0.2513225464530039,
      "profit_loss_eur": -0.00942187379999993
    }
  },
  "trading_enabled": true
}