{
  "timestamp": "2025-06-26T06:18:44.769182",
  "portfolio_name": "coinbase_all_eur",
  "strategy": "moderate",
  "portfolio_value": 99.2254628676112,
  "available_capital": 2.2021535771112,
  "existing_positions": {
    "XRP/EUR": {
      "amount": 18.560795,
      "current_price": 1.8763,
      "buy_price": 1.8815,
      "eur_value": 34.8256196585,
      "profit_loss_pct": -0.27637523252723206,
      "profit_loss_eur": -0.0965161339999976
    },
    "SOL/EUR": {
      "amount": 0.469,
      "current_price": 124.55,
      "buy_price": 126.47306216445935,
      "eur_value": 58.41394999999999,
      "profit_loss_pct": -1.5205310376360597,
      "profit_loss_eur": -0.9019161551314363
    },
    "BTC/EUR": {
      "amount": 4.089e-05,
      "current_price": 92311.6,
      "buy_price": 91682.98,
      "eur_value": 3.7746213240000004,
      "profit_loss_pct": 0.685645252804839,
      "profit_loss_eur": 0.025704271800000407
    }
  },
  "trading_enabled": true
}