{
  "timestamp": "2025-06-27T08:43:36.205415",
  "portfolio_name": "coinbase_all_eur",
  "strategy": "moderate",
  "portfolio_value": 95.8077759747612,
  "available_capital": 2.2021535771112,
  "existing_positions": {
    "XRP/EUR": {
      "amount": 18.560795,
      "current_price": 1.7909,
      "buy_price": 1.8815,
      "eur_value": 33.2405277655,
      "profit_loss_pct": -4.8153069359553555,
      "profit_loss_eur": -1.6816080270000002
    },
    "SOL/EUR": {
      "amount": 0.469,
      "current_price": 120.7,
      "buy_price": 126.47306216445935,
      "eur_value": 56.6083,
      "profit_loss_pct": -4.564657537074844,
      "profit_loss_eur": -2.7075661551314334
    },
    "BTC/EUR": {
      "amount": 4.089e-05,
      "current_price": 91758.66,
      "buy_price": 91682.98,
      "eur_value": 3.7520116074000005,
      "profit_loss_pct": 0.0825453099364872,
      "profit_loss_eur": 0.00309455520000031
    }
  },
  "trading_enabled": true
}