{
  "timestamp": "2025-06-26T16:18:37.770976",
  "portfolio_name": "coinbase_all_eur",
  "strategy": "moderate",
  "portfolio_value": 96.57034348696119,
  "available_capital": 2.2021535771112,
  "existing_positions": {
    "XRP/EUR": {
      "amount": 18.560795,
      "current_price": 1.8134,
      "buy_price": 1.8815,
      "eur_value": 33.658145653,
      "profit_loss_pct": -3.619452564443266,
      "profit_loss_eur": -1.2639901395000008
    },
    "SOL/EUR": {
      "amount": 0.469,
      "current_price": 121.44,
      "buy_price": 126.47306216445935,
      "eur_value": 56.95536,
      "profit_loss_pct": -3.9795527034164833,
      "profit_loss_eur": -2.360506155131436
    },
    "BTC/EUR": {
      "amount": 4.089e-05,
      "current_price": 91408.95,
      "buy_price": 91682.98,
      "eur_value": 3.7377119655,
      "profit_loss_pct": -0.2988886268749105,
      "profit_loss_eur": -0.011205086699999953
    }
  },
  "trading_enabled": true
}