{
  "timestamp": "2025-06-27T00:31:10.993761",
  "portfolio_name": "coinbase_all_eur",
  "strategy": "moderate",
  "portfolio_value": 95.7733217071112,
  "available_capital": 2.2021535771112,
  "existing_positions": {
    "XRP/EUR": {
      "amount": 18.560795,
      "current_price": 1.8135,
      "buy_price": 1.8815,
      "eur_value": 33.66000173249999,
      "profit_loss_pct": -3.6141376561254352,
      "profit_loss_eur": -1.262134060000001
    },
    "SOL/EUR": {
      "amount": 0.469,
      "current_price": 119.73,
      "buy_price": 126.47306216445935,
      "eur_value": 56.153369999999995,
      "profit_loss_pct": -5.331619278491889,
      "profit_loss_eur": -3.162496155131433
    },
    "BTC/EUR": {
      "amount": 4.089e-05,
      "current_price": 91695.56,
      "buy_price": 91682.98,
      "eur_value": 3.7494314484,
      "profit_loss_pct": 0.01372119448997158,
      "profit_loss_eur": 0.0005143962000000715
    }
  },
  "trading_enabled": true
}