{
  "timestamp": "2025-06-27T22:13:32.278015",
  "portfolio_name": "coinbase_all_eur",
  "strategy": "moderate",
  "portfolio_value": 96.4676747255112,
  "available_capital": 2.2021535771112,
  "existing_positions": {
    "XRP/EUR": {
      "amount": 18.560795,
      "current_price": 1.7974,
      "buy_price": 1.8815,
      "eur_value": 33.361172933,
      "profit_loss_pct": -4.469837895296298,
      "profit_loss_eur": -1.560962859499997
    },
    "SOL/EUR": {
      "amount": 0.469,
      "current_price": 121.85,
      "buy_price": 126.47306216445935,
      "eur_value": 57.14764999999999,
      "profit_loss_pct": -3.6553729982814467,
      "profit_loss_eur": -2.1682161551314376
    },
    "BTC/EUR": {
      "amount": 4.089e-05,
      "current_price": 91523.91,
      "buy_price": 91682.98,
      "eur_value": 3.7424126799000006,
      "profit_loss_pct": -0.17350003239422676,
      "profit_loss_eur": -0.006504372299999691
    }
  },
  "trading_enabled": true
}