{
  "timestamp": "2025-06-28T00:32:29.091910",
  "portfolio_name": "coinbase_all_eur",
  "strategy": "moderate",
  "portfolio_value": 97.03544184911121,
  "available_capital": 2.2021535771112,
  "existing_positions": {
    "SOL/EUR": {
      "amount": 0.469,
      "current_price": 121.85,
      "buy_price": 126.47306216445935,
      "eur_value": 57.14764999999999,
      "profit_loss_pct": -3.6553729982814467,
      "profit_loss_eur": -2.1682161551314376
    },
    "BTC/EUR": {
      "amount": 4.089e-05,
      "current_price": 91478.62,
      "buy_price": 91682.98,
      "eur_value": 3.7405607718000002,
      "profit_loss_pct": -0.22289851398809307,
      "profit_loss_eur": -0.008356280400000025
    }
  },
  "trading_enabled": true
}