{
  "timestamp": "2025-06-27T16:10:13.391754",
  "portfolio_name": "coinbase_all_eur",
  "strategy": "moderate",
  "portfolio_value": 96.3511470162112,
  "available_capital": 2.2021535771112,
  "existing_positions": {
    "SOL/EUR": {
      "amount": 0.469,
      "current_price": 121.99,
      "buy_price": 126.47306216445935,
      "eur_value": 57.21330999999999,
      "profit_loss_pct": -3.5446774892109447,
      "profit_loss_eur": -2.1025561551314373
    },
    "BTC/EUR": {
      "amount": 4.089e-05,
      "current_price": 91231.4,
      "buy_price": 91682.98,
      "eur_value": 3.730451946,
      "profit_loss_pct": -0.4925450721606145,
      "profit_loss_eur": -0.018465106200000074
    }
  },
  "trading_enabled": true
}