{
  "timestamp": "2025-06-28T01:34:16.562535",
  "portfolio_name": "coinbase_all_eur",
  "strategy": "moderate",
  "portfolio_value": 96.67972341336119,
  "available_capital": 2.2021535771112,
  "existing_positions": {
    "SOL/EUR": {
      "amount": 0.469,
      "current_price": 121.32,
      "buy_price": 126.47306216445935,
      "eur_value": 56.89907999999999,
      "profit_loss_pct": -4.07443456833406,
      "profit_loss_eur": -2.416786155131438
    },
    "BTC/EUR": {
      "amount": 4.089e-05,
      "current_price": 91377.31,
      "buy_price": 91682.98,
      "eur_value": 3.7364182059,
      "profit_loss_pct": -0.3333988489466619,
      "profit_loss_eur": -0.01249884629999993
    }
  },
  "trading_enabled": true
}