{
  "timestamp": "2025-06-26T12:43:06.016285",
  "portfolio_name": "coinbase_all_eur",
  "strategy": "moderate",
  "portfolio_value": 97.93562208056119,
  "available_capital": 2.2021535771112,
  "existing_positions": {
    "XRP/EUR": {
      "amount": 18.560795,
      "current_price": 1.8575,
      "buy_price": 1.8815,
      "eur_value": 34.476676712499994,
      "profit_loss_pct": -1.2755779962795655,
      "profit_loss_eur": -0.44545908000000034
    },
    "SOL/EUR": {
      "amount": 0.469,
      "current_price": 122.6,
      "buy_price": 126.47306216445935,
      "eur_value": 57.499399999999994,
      "profit_loss_pct": -3.0623613425466174,
      "profit_loss_eur": -1.8164661551314376
    },
    "BTC/EUR": {
      "amount": 4.089e-05,
      "current_price": 91681.54,
      "buy_price": 91682.98,
      "eur_value": 3.7488581706,
      "profit_loss_pct": -0.0015706295759609127,
      "profit_loss_eur": -5.888160000009521e-05
    }
  },
  "trading_enabled": true
}