{
  "timestamp": "2025-06-25T21:43:37.956177",
  "portfolio_name": "coinbase_all_eur",
  "strategy": "moderate",
  "portfolio_value": 98.99757645136118,
  "available_capital": 2.2021535771112,
  "existing_positions": {
    "XRP/EUR": {
      "amount": 18.560795,
      "current_price": 1.8835,
      "buy_price": 1.8815,
      "eur_value": 34.9592573825,
      "profit_loss_pct": 0.10629816635663045,
      "profit_loss_eur": 0.03712159000000003
    },
    "SOL/EUR": {
      "amount": 0.469,
      "current_price": 123.65,
      "buy_price": 126.47306216445935,
      "eur_value": 57.99185,
      "profit_loss_pct": -2.232145024517848,
      "profit_loss_eur": -1.3240161551314322
    },
    "BTC/EUR": {
      "amount": 4.089e-05,
      "current_price": 92307.08,
      "buy_price": 91682.98,
      "eur_value": 3.7744365012000003,
      "profit_loss_pct": 0.6807152210802985,
      "profit_loss_eur": 0.02551944900000024
    }
  },
  "trading_enabled": true
}