{
  "timestamp": "2025-06-26T20:09:22.162939",
  "portfolio_name": "coinbase_all_eur",
  "strategy": "moderate",
  "portfolio_value": 96.4066683344612,
  "available_capital": 2.2021535771112,
  "existing_positions": {
    "XRP/EUR": {
      "amount": 18.560795,
      "current_price": 1.8088,
      "buy_price": 1.8815,
      "eur_value": 33.572765995999994,
      "profit_loss_pct": -3.8639383470635127,
      "profit_loss_eur": -1.3493697964999998
    },
    "SOL/EUR": {
      "amount": 0.469,
      "current_price": 121.26,
      "buy_price": 126.47306216445935,
      "eur_value": 56.87094,
      "profit_loss_pct": -4.121875500792837,
      "profit_loss_eur": -2.4449261551314323
    },
    "BTC/EUR": {
      "amount": 4.089e-05,
      "current_price": 91639.31,
      "buy_price": 91682.98,
      "eur_value": 3.7471313859000004,
      "profit_loss_pct": -0.04763152332090237,
      "profit_loss_eur": -0.0017856662999999288
    }
  },
  "trading_enabled": true
}