{
  "timestamp": "2025-06-26T16:34:01.785920",
  "portfolio_name": "coinbase_all_eur",
  "strategy": "moderate",
  "portfolio_value": 97.30451137211121,
  "available_capital": 2.2021535771112,
  "existing_positions": {
    "XRP/EUR": {
      "amount": 18.560795,
      "current_price": 1.83,
      "buy_price": 1.8815,
      "eur_value": 33.96625485,
      "profit_loss_pct": -2.7371777836832254,
      "profit_loss_eur": -0.9558809424999977
    },
    "SOL/EUR": {
      "amount": 0.469,
      "current_price": 122.34,
      "buy_price": 126.47306216445935,
      "eur_value": 57.37746,
      "profit_loss_pct": -3.2679387165346845,
      "profit_loss_eur": -1.9384061551314333
    },
    "BTC/EUR": {
      "amount": 4.089e-05,
      "current_price": 91886.31,
      "buy_price": 91682.98,
      "eur_value": 3.7572312159,
      "profit_loss_pct": 0.2217750775552908,
      "profit_loss_eur": 0.008314163700000071
    }
  },
  "trading_enabled": true
}