{
  "timestamp": "2025-06-27T20:25:36.319761",
  "portfolio_name": "coinbase_all_eur",
  "strategy": "moderate",
  "portfolio_value": 95.8454657512612,
  "available_capital": 2.2021535771112,
  "existing_positions": {
    "XRP/EUR": {
      "amount": 18.560795,
      "current_price": 1.7874,
      "buy_price": 1.8815,
      "eur_value": 33.175564983,
      "profit_loss_pct": -5.00132872707945,
      "profit_loss_eur": -1.7465708094999972
    },
    "SOL/EUR": {
      "amount": 0.469,
      "current_price": 120.96,
      "buy_price": 126.47306216445935,
      "eur_value": 56.730239999999995,
      "profit_loss_pct": -4.3590801630867775,
      "profit_loss_eur": -2.585626155131438
    },
    "BTC/EUR": {
      "amount": 4.089e-05,
      "current_price": 91408.16,
      "buy_price": 91682.98,
      "eur_value": 3.7376796624000006,
      "profit_loss_pct": -0.299750291711714,
      "profit_loss_eur": -0.011237389799999692
    }
  },
  "trading_enabled": true
}