{
  "timestamp": "2025-06-26T22:58:43.492922",
  "portfolio_name": "coinbase_all_eur",
  "strategy": "moderate",
  "portfolio_value": 97.23119317986121,
  "available_capital": 2.2021535771112,
  "existing_positions": {
    "SOL/EUR": {
      "amount": 0.469,
      "current_price": 122.25,
      "buy_price": 126.47306216445935,
      "eur_value": 57.335249999999995,
      "profit_loss_pct": -3.3391001152228665,
      "profit_loss_eur": -1.980616155131435
    },
    "BTC/EUR": {
      "amount": 4.089e-05,
      "current_price": 92130.71,
      "buy_price": 91682.98,
      "eur_value": 3.7672247319000007,
      "profit_loss_pct": 0.488345819474902,
      "profit_loss_eur": 0.01830767970000043
    }
  },
  "trading_enabled": true
}