{
  "timestamp": "2025-06-27T20:56:24.313545",
  "portfolio_name": "coinbase_all_eur",
  "strategy": "moderate",
  "portfolio_value": 95.1070009752112,
  "available_capital": 2.2021535771112,
  "existing_positions": {
    "XRP/EUR": {
      "amount": 18.560795,
      "current_price": 1.7737,
      "buy_price": 1.8815,
      "eur_value": 32.9212820915,
      "profit_loss_pct": -5.72947116662237,
      "profit_loss_eur": -2.000853700999998
    },
    "SOL/EUR": {
      "amount": 0.469,
      "current_price": 119.95,
      "buy_price": 126.47306216445935,
      "eur_value": 56.25655,
      "profit_loss_pct": -5.157669192809673,
      "profit_loss_eur": -3.0593161551314334
    },
    "BTC/EUR": {
      "amount": 4.089e-05,
      "current_price": 91134.39,
      "buy_price": 91682.98,
      "eur_value": 3.7264852071,
      "profit_loss_pct": -0.5983553326909711,
      "profit_loss_eur": -0.022431845099999858
    }
  },
  "trading_enabled": true
}