{
  "timestamp": "2025-06-25T16:54:10.377190",
  "portfolio_name": "coinbase_all_eur",
  "strategy": "moderate",
  "portfolio_value": 100.2606554272612,
  "available_capital": 2.2021535771112,
  "existing_positions": {
    "XRP/EUR": {
      "amount": 18.560795,
      "current_price": 1.9021,
      "buy_price": 1.8815,
      "eur_value": 35.3044881695,
      "profit_loss_pct": 1.09487111347329,
      "profit_loss_eur": 0.3823523769999991
    },
    "SOL/EUR": {
      "amount": 0.469,
      "current_price": 125.74,
      "buy_price": 126.47306216445935,
      "eur_value": 58.97205999999999,
      "profit_loss_pct": -0.5796192105367995,
      "profit_loss_eur": -0.3438061551314374
    },
    "BTC/EUR": {
      "amount": 4.089e-05,
      "current_price": 92804.76,
      "buy_price": 91682.98,
      "eur_value": 3.7947866364,
      "profit_loss_pct": 1.2235422539712375,
      "profit_loss_eur": 0.04586958419999996
    }
  },
  "trading_enabled": true
}