{
  "timestamp": "2025-06-26T07:50:54.765815",
  "portfolio_name": "coinbase_all_eur",
  "strategy": "moderate",
  "portfolio_value": 98.79742823841121,
  "available_capital": 2.2021535771112,
  "existing_positions": {
    "XRP/EUR": {
      "amount": 18.560795,
      "current_price": 1.8747,
      "buy_price": 1.8815,
      "eur_value": 34.795922386499996,
      "profit_loss_pct": -0.3614137656125388,
      "profit_loss_eur": -0.12621340599999845
    },
    "SOL/EUR": {
      "amount": 0.469,
      "current_price": 123.71,
      "buy_price": 126.47306216445935,
      "eur_value": 58.01998999999999,
      "profit_loss_pct": -2.184704092059071,
      "profit_loss_eur": -1.295876155131438
    },
    "BTC/EUR": {
      "amount": 4.089e-05,
      "current_price": 92172.08,
      "buy_price": 91682.98,
      "eur_value": 3.7689163512000006,
      "profit_loss_pct": 0.533468698334201,
      "profit_loss_eur": 0.01999929900000024
    }
  },
  "trading_enabled": true
}