{
  "timestamp": "2025-06-28T00:47:59.850180",
  "portfolio_name": "coinbase_all_eur",
  "strategy": "moderate",
  "portfolio_value": 97.03782884591119,
  "available_capital": 2.2021535771112,
  "existing_positions": {
    "XRP/EUR": {
      "amount": 18.560795,
      "current_price": 1.8286,
      "buy_price": 1.8815,
      "eur_value": 33.940269737,
      "profit_loss_pct": -2.81158650013287,
      "profit_loss_eur": -0.981866055499999
    },
    "SOL/EUR": {
      "amount": 0.469,
      "current_price": 121.83,
      "buy_price": 126.47306216445935,
      "eur_value": 57.13827,
      "profit_loss_pct": -3.6711866424343724,
      "profit_loss_eur": -2.1775961551314356
    },
    "BTC/EUR": {
      "amount": 4.089e-05,
      "current_price": 91481.83,
      "buy_price": 91682.98,
      "eur_value": 3.7406920287000003,
      "profit_loss_pct": -0.2193973188916789,
      "profit_loss_eur": -0.008225023499999762
    }
  },
  "trading_enabled": true
}