{
  "timestamp": "2025-06-28T02:51:25.482356",
  "portfolio_name": "coinbase_all_eur",
  "strategy": "moderate",
  "portfolio_value": 96.96184072341119,
  "available_capital": 2.2021535771112,
  "existing_positions": {
    "XRP/EUR": {
      "amount": 18.560795,
      "current_price": 1.8352,
      "buy_price": 1.8815,
      "eur_value": 34.062770984,
      "profit_loss_pct": -2.460802551155993,
      "profit_loss_eur": -0.8593648085000001
    },
    "SOL/EUR": {
      "amount": 0.469,
      "current_price": 121.41,
      "buy_price": 126.47306216445935,
      "eur_value": 56.941289999999995,
      "profit_loss_pct": -4.003273169645878,
      "profit_loss_eur": -2.3745761551314364
    },
    "BTC/EUR": {
      "amount": 4.089e-05,
      "current_price": 91528.09,
      "buy_price": 91682.98,
      "eur_value": 3.7425836001,
      "profit_loss_pct": -0.16894084376402188,
      "profit_loss_eur": -0.006333452099999977
    }
  },
  "trading_enabled": true
}