{
  "timestamp": "2025-06-25T17:26:49.632794",
  "portfolio_name": "coinbase_all_eur",
  "strategy": "moderate",
  "portfolio_value": 98.93727516911119,
  "available_capital": 2.2021535771112,
  "existing_positions": {
    "XRP/EUR": {
      "amount": 18.560795,
      "current_price": 1.8763,
      "buy_price": 1.8815,
      "eur_value": 34.8256196585,
      "profit_loss_pct": -0.27637523252723206,
      "profit_loss_eur": -0.0965161339999976
    },
    "SOL/EUR": {
      "amount": 0.469,
      "current_price": 123.92,
      "buy_price": 126.47306216445935,
      "eur_value": 58.11848,
      "profit_loss_pct": -2.0186608284533123,
      "profit_loss_eur": -1.1973861551314342
    },
    "BTC/EUR": {
      "amount": 4.089e-05,
      "current_price": 92207.42,
      "buy_price": 91682.98,
      "eur_value": 3.7703614038000004,
      "profit_loss_pct": 0.5720145658441756,
      "profit_loss_eur": 0.0214443516000001
    }
  },
  "trading_enabled": true
}