{
  "timestamp": "2025-06-27T22:59:54.740643",
  "portfolio_name": "coinbase_all_eur",
  "strategy": "moderate",
  "portfolio_value": 96.5127982398112,
  "available_capital": 2.2021535771112,
  "existing_positions": {
    "XRP/EUR": {
      "amount": 18.560795,
      "current_price": 1.7996,
      "buy_price": 1.8815,
      "eur_value": 33.402006682,
      "profit_loss_pct": -4.352909912304005,
      "profit_loss_eur": -1.5201291104999974
    },
    "SOL/EUR": {
      "amount": 0.469,
      "current_price": 121.89,
      "buy_price": 126.47306216445935,
      "eur_value": 57.16641,
      "profit_loss_pct": -3.6237457099755845,
      "profit_loss_eur": -2.1494561551314346
    },
    "BTC/EUR": {
      "amount": 4.089e-05,
      "current_price": 91455.74,
      "buy_price": 91682.98,
      "eur_value": 3.7396252086000006,
      "profit_loss_pct": -0.24785407280608754,
      "profit_loss_eur": -0.00929184359999962
    }
  },
  "trading_enabled": true
}