{
  "timestamp": "2025-06-27T18:22:20.403699",
  "portfolio_name": "coinbase_all_eur",
  "strategy": "moderate",
  "portfolio_value": 96.6384440764612,
  "available_capital": 2.2021535771112,
  "existing_positions": {
    "SOL/EUR": {
      "amount": 0.469,
      "current_price": 122.32,
      "buy_price": 126.47306216445935,
      "eur_value": 57.36807999999999,
      "profit_loss_pct": -3.283752360687621,
      "profit_loss_eur": -1.9477861551314382
    },
    "BTC/EUR": {
      "amount": 4.089e-05,
      "current_price": 91489.74,
      "buy_price": 91682.98,
      "eur_value": 3.7410154686000006,
      "profit_loss_pct": -0.21076976337373707,
      "profit_loss_eur": -0.00790158359999962
    }
  },
  "trading_enabled": true
}