{
  "timestamp": "2025-06-25T19:41:40.622371",
  "portfolio_name": "coinbase_all_eur",
  "strategy": "moderate",
  "portfolio_value": 98.46867557166121,
  "available_capital": 2.2021535771112,
  "existing_positions": {
    "XRP/EUR": {
      "amount": 18.560795,
      "current_price": 1.8744,
      "buy_price": 1.8815,
      "eur_value": 34.790354148,
      "profit_loss_pct": -0.3773584905660316,
      "profit_loss_eur": -0.13178164449999785
    },
    "SOL/EUR": {
      "amount": 0.469,
      "current_price": 123.14,
      "buy_price": 126.47306216445935,
      "eur_value": 57.75266,
      "profit_loss_pct": -2.6353929504175357,
      "profit_loss_eur": -1.5632061551314347
    },
    "BTC/EUR": {
      "amount": 4.089e-05,
      "current_price": 91994.58,
      "buy_price": 91682.98,
      "eur_value": 3.7616583762,
      "profit_loss_pct": 0.3398667887976654,
      "profit_loss_eur": 0.01274132400000024
    }
  },
  "trading_enabled": true
}