{
  "timestamp": "2025-06-26T06:49:27.443403",
  "portfolio_name": "coinbase_all_eur",
  "strategy": "moderate",
  "portfolio_value": 99.0973726325112,
  "available_capital": 2.2021535771112,
  "existing_positions": {
    "XRP/EUR": {
      "amount": 18.560795,
      "current_price": 1.8753,
      "buy_price": 1.8815,
      "eur_value": 34.8070588635,
      "profit_loss_pct": -0.3295243157055532,
      "profit_loss_eur": -0.11507692899999969
    },
    "SOL/EUR": {
      "amount": 0.469,
      "current_price": 124.31,
      "buy_price": 126.47306216445935,
      "eur_value": 58.30139,
      "profit_loss_pct": -1.7102947674712008,
      "profit_loss_eur": -1.0144761551314339
    },
    "BTC/EUR": {
      "amount": 4.089e-05,
      "current_price": 92263.95,
      "buy_price": 91682.98,
      "eur_value": 3.7726729155000003,
      "profit_loss_pct": 0.6336726838503736,
      "profit_loss_eur": 0.02375586330000005
    }
  },
  "trading_enabled": true
}