{
  "timestamp": "2025-06-26T03:29:29.661349",
  "portfolio_name": "coinbase_all_eur",
  "strategy": "moderate",
  "portfolio_value": 99.09035783531121,
  "available_capital": 2.2021535771112,
  "existing_positions": {
    "XRP/EUR": {
      "amount": 18.560795,
      "current_price": 1.8792,
      "buy_price": 1.8815,
      "eur_value": 34.879445964,
      "profit_loss_pct": -0.12224289131012324,
      "profit_loss_eur": -0.042689828499999416
    },
    "SOL/EUR": {
      "amount": 0.469,
      "current_price": 124.08,
      "buy_price": 126.47306216445935,
      "eur_value": 58.19351999999999,
      "profit_loss_pct": -1.892151675229885,
      "profit_loss_eur": -1.1223461551314358
    },
    "BTC/EUR": {
      "amount": 4.089e-05,
      "current_price": 92094.29,
      "buy_price": 91682.98,
      "eur_value": 3.7657355181,
      "profit_loss_pct": 0.4486219797829408,
      "profit_loss_eur": 0.016818465899999906
    }
  },
  "trading_enabled": true
}