{
  "timestamp": "2025-06-27T20:41:00.885225",
  "portfolio_name": "coinbase_all_eur",
  "strategy": "moderate",
  "portfolio_value": 95.3983125514612,
  "available_capital": 2.2021535771112,
  "existing_positions": {
    "XRP/EUR": {
      "amount": 18.560795,
      "current_price": 1.7817,
      "buy_price": 1.8815,
      "eur_value": 33.069768451499996,
      "profit_loss_pct": -5.304278501195848,
      "profit_loss_eur": -1.852367340999998
    },
    "SOL/EUR": {
      "amount": 0.469,
      "current_price": 120.24,
      "buy_price": 126.47306216445935,
      "eur_value": 56.392559999999996,
      "profit_loss_pct": -4.928371352592213,
      "profit_loss_eur": -2.923306155131437
    },
    "BTC/EUR": {
      "amount": 4.089e-05,
      "current_price": 91140.91,
      "buy_price": 91682.98,
      "eur_value": 3.7267518099000005,
      "profit_loss_pct": -0.5912438709998218,
      "profit_loss_eur": -0.022165242299999693
    }
  },
  "trading_enabled": true
}