{
  "timestamp": "2025-06-25T14:38:33.607577",
  "portfolio_name": "coinbase_all_eur",
  "strategy": "moderate",
  "portfolio_value": 100.2330024682612,
  "available_capital": 2.2021535771112,
  "existing_positions": {
    "XRP/EUR": {
      "amount": 18.560795,
      "current_price": 1.8912,
      "buy_price": 1.8815,
      "eur_value": 35.102175503999995,
      "profit_loss_pct": 0.5155461068296594,
      "profit_loss_eur": 0.18003971150000075
    },
    "SOL/EUR": {
      "amount": 0.469,
      "current_price": 126.11,
      "buy_price": 126.47306216445935,
      "eur_value": 59.14559,
      "profit_loss_pct": -0.2870667937076135,
      "profit_loss_eur": -0.17027615513143532
    },
    "BTC/EUR": {
      "amount": 4.089e-05,
      "current_price": 92389.83,
      "buy_price": 91682.98,
      "eur_value": 3.7778201487000005,
      "profit_loss_pct": 0.7709718859487397,
      "profit_loss_eur": 0.02890309650000024
    }
  },
  "trading_enabled": true
}