{
  "timestamp": "2025-06-26T01:41:33.730943",
  "portfolio_name": "coinbase_all_eur",
  "strategy": "moderate",
  "portfolio_value": 98.2371583114612,
  "available_capital": 2.2021535771112,
  "existing_positions": {
    "XRP/EUR": {
      "amount": 18.560795,
      "current_price": 1.8718,
      "buy_price": 1.8815,
      "eur_value": 34.74209608099999,
      "profit_loss_pct": -0.5155461068296594,
      "profit_loss_eur": -0.18003971150000075
    },
    "SOL/EUR": {
      "amount": 0.469,
      "current_price": 122.66,
      "buy_price": 126.47306216445935,
      "eur_value": 57.527539999999995,
      "profit_loss_pct": -3.0149204100878295,
      "profit_loss_eur": -1.7883261551314364
    },
    "BTC/EUR": {
      "amount": 4.089e-05,
      "current_price": 91851.56,
      "buy_price": 91682.98,
      "eur_value": 3.7558102884,
      "profit_loss_pct": 0.18387273188546202,
      "profit_loss_eur": 0.006893236200000072
    }
  },
  "trading_enabled": true
}