{
  "timestamp": "2025-06-26T06:34:07.431084",
  "portfolio_name": "coinbase_all_eur",
  "strategy": "moderate",
  "portfolio_value": 99.26741401056121,
  "available_capital": 2.2021535771112,
  "existing_positions": {
    "SOL/EUR": {
      "amount": 0.469,
      "current_price": 124.58,
      "buy_price": 126.47306216445935,
      "eur_value": 58.42802,
      "profit_loss_pct": -1.4968105714066657,
      "profit_loss_eur": -0.8878461551314358
    },
    "BTC/EUR": {
      "amount": 4.089e-05,
      "current_price": 92349.84,
      "buy_price": 91682.98,
      "eur_value": 3.7761849576,
      "profit_loss_pct": 0.72735419376639,
      "profit_loss_eur": 0.027267905400000025
    }
  },
  "trading_enabled": true
}