{
  "timestamp": "2025-06-27T23:30:49.548139",
  "portfolio_name": "coinbase_all_eur",
  "strategy": "moderate",
  "portfolio_value": 97.41940138346119,
  "available_capital": 2.2021535771112,
  "existing_positions": {
    "XRP/EUR": {
      "amount": 18.560795,
      "current_price": 1.8395,
      "buy_price": 1.8815,
      "eur_value": 34.1425824025,
      "profit_loss_pct": -2.2322614934892395,
      "profit_loss_eur": -0.7795533900000007
    },
    "SOL/EUR": {
      "amount": 0.469,
      "current_price": 122.23,
      "buy_price": 126.47306216445935,
      "eur_value": 57.32587,
      "profit_loss_pct": -3.3549137593757923,
      "profit_loss_eur": -1.9899961551314331
    },
    "BTC/EUR": {
      "amount": 4.089e-05,
      "current_price": 91516.28,
      "buy_price": 91682.98,
      "eur_value": 3.7421006892000004,
      "profit_loss_pct": -0.1818221877168446,
      "profit_loss_eur": -0.006816362999999882
    }
  },
  "trading_enabled": true
}