{
  "timestamp": "2025-06-26T10:09:14.835756",
  "portfolio_name": "coinbase_all_eur",
  "strategy": "moderate",
  "portfolio_value": 98.89513298311121,
  "available_capital": 2.2021535771112,
  "existing_positions": {
    "SOL/EUR": {
      "amount": 0.469,
      "current_price": 124.11,
      "buy_price": 126.47306216445935,
      "eur_value": 58.207589999999996,
      "profit_loss_pct": -1.868431209000491,
      "profit_loss_eur": -1.1082761551314353
    },
    "BTC/EUR": {
      "amount": 4.089e-05,
      "current_price": 92153.79,
      "buy_price": 91682.98,
      "eur_value": 3.7681684731000002,
      "profit_loss_pct": 0.5135195212895541,
      "profit_loss_eur": 0.019251420899999906
    }
  },
  "trading_enabled": true
}