{
  "timestamp": "2025-06-26T11:10:43.590333",
  "portfolio_name": "coinbase_all_eur",
  "strategy": "moderate",
  "portfolio_value": 98.35034931786119,
  "available_capital": 2.2021535771112,
  "existing_positions": {
    "XRP/EUR": {
      "amount": 18.560795,
      "current_price": 1.8637,
      "buy_price": 1.8815,
      "eur_value": 34.5917536415,
      "profit_loss_pct": -0.9460536805740121,
      "profit_loss_eur": -0.3303821510000007
    },
    "SOL/EUR": {
      "amount": 0.469,
      "current_price": 123.22,
      "buy_price": 126.47306216445935,
      "eur_value": 57.79018,
      "profit_loss_pct": -2.572138373805822,
      "profit_loss_eur": -1.5256861551314356
    },
    "BTC/EUR": {
      "amount": 4.089e-05,
      "current_price": 91717.32,
      "buy_price": 91682.98,
      "eur_value": 3.7503212148000005,
      "profit_loss_pct": 0.03745515252668604,
      "profit_loss_eur": 0.0014041626000004523
    }
  },
  "trading_enabled": true
}