{
  "timestamp": "2025-06-28T04:08:39.585451",
  "portfolio_name": "coinbase_all_eur",
  "strategy": "moderate",
  "portfolio_value": 97.7635761567612,
  "available_capital": 2.2021535771112,
  "existing_positions": {
    "XRP/EUR": {
      "amount": 18.560795,
      "current_price": 1.8635,
      "buy_price": 1.8815,
      "eur_value": 34.588041482499996,
      "profit_loss_pct": -0.9566834972096739,
      "profit_loss_eur": -0.3340943100000003
    },
    "SOL/EUR": {
      "amount": 0.469,
      "current_price": 122.06,
      "buy_price": 126.47306216445935,
      "eur_value": 57.24614,
      "profit_loss_pct": -3.4893297346756884,
      "profit_loss_eur": -2.0697261551314337
    },
    "BTC/EUR": {
      "amount": 4.089e-05,
      "current_price": 91437.18,
      "buy_price": 91682.98,
      "eur_value": 3.7388662902,
      "profit_loss_pct": -0.268097742896231,
      "profit_loss_eur": -0.01005076200000012
    }
  },
  "trading_enabled": true
}