{
  "timestamp": "2025-06-27T22:44:24.661291",
  "portfolio_name": "coinbase_all_eur",
  "strategy": "moderate",
  "portfolio_value": 96.5014552333112,
  "available_capital": 2.2021535771112,
  "existing_positions": {
    "XRP/EUR": {
      "amount": 18.560795,
      "current_price": 1.8031,
      "buy_price": 1.8815,
      "eur_value": 33.466969464499996,
      "profit_loss_pct": -4.166888121179911,
      "profit_loss_eur": -1.4551663280000005
    },
    "SOL/EUR": {
      "amount": 0.469,
      "current_price": 121.7,
      "buy_price": 126.47306216445935,
      "eur_value": 57.0773,
      "profit_loss_pct": -3.7739753294284055,
      "profit_loss_eur": -2.2385661551314335
    },
    "BTC/EUR": {
      "amount": 4.089e-05,
      "current_price": 91485.49,
      "buy_price": 91682.98,
      "eur_value": 3.7408416861000005,
      "profit_loss_pct": -0.2154053020527809,
      "profit_loss_eur": -0.00807536609999962
    }
  },
  "trading_enabled": true
}