{
  "timestamp": "2025-06-25T17:53:34.113952",
  "portfolio_name": "coinbase_all_eur",
  "strategy": "moderate",
  "portfolio_value": 98.92957225101121,
  "available_capital": 2.2021535771112,
  "existing_positions": {
    "XRP/EUR": {
      "amount": 18.560795,
      "current_price": 1.8819,
      "buy_price": 1.8815,
      "eur_value": 34.9295601105,
      "profit_loss_pct": 0.021259633271323727,
      "profit_loss_eur": 0.007424317999999182
    },
    "SOL/EUR": {
      "amount": 0.469,
      "current_price": 123.69,
      "buy_price": 126.47306216445935,
      "eur_value": 58.01060999999999,
      "profit_loss_pct": -2.2005177362119968,
      "profit_loss_eur": -1.3052561551314361
    },
    "BTC/EUR": {
      "amount": 4.089e-05,
      "current_price": 92214.52,
      "buy_price": 91682.98,
      "eur_value": 3.7706517228000003,
      "profit_loss_pct": 0.5797586422256433,
      "profit_loss_eur": 0.021734670600000335
    }
  },
  "trading_enabled": true
}