{
  "timestamp": "2025-06-28T05:25:46.410025",
  "portfolio_name": "coinbase_all_eur",
  "strategy": "moderate",
  "portfolio_value": 97.91099826616119,
  "available_capital": 2.2021535771112,
  "existing_positions": {
    "XRP/EUR": {
      "amount": 18.560795,
      "current_price": 1.8628,
      "buy_price": 1.8815,
      "eur_value": 34.575048926,
      "profit_loss_pct": -0.9938878554344905,
      "profit_loss_eur": -0.34708686649999887
    },
    "SOL/EUR": {
      "amount": 0.469,
      "current_price": 122.36,
      "buy_price": 126.47306216445935,
      "eur_value": 57.38684,
      "profit_loss_pct": -3.252125072381759,
      "profit_loss_eur": -1.9290261551314352
    },
    "BTC/EUR": {
      "amount": 4.089e-05,
      "current_price": 91554.67,
      "buy_price": 91682.98,
      "eur_value": 3.7436704563000003,
      "profit_loss_pct": -0.13994963950778833,
      "profit_loss_eur": -0.005246595899999905
    }
  },
  "trading_enabled": true
}