{
  "timestamp": "2025-06-27T10:31:21.416100",
  "portfolio_name": "coinbase_all_eur",
  "strategy": "moderate",
  "portfolio_value": 95.6052899828112,
  "available_capital": 2.2021535771112,
  "existing_positions": {
    "SOL/EUR": {
      "amount": 0.469,
      "current_price": 120.54,
      "buy_price": 126.47306216445935,
      "eur_value": 56.53326,
      "profit_loss_pct": -4.691166690298272,
      "profit_loss_eur": -2.782606155131432
    },
    "BTC/EUR": {
      "amount": 4.089e-05,
      "current_price": 91155.83,
      "buy_price": 91682.98,
      "eur_value": 3.7273618887000004,
      "profit_loss_pct": -0.5749704034489217,
      "profit_loss_eur": -0.021555163499999763
    }
  },
  "trading_enabled": true
}