{
  "timestamp": "2025-06-27T01:32:38.307780",
  "portfolio_name": "coinbase_all_eur",
  "strategy": "moderate",
  "portfolio_value": 95.2429442175612,
  "available_capital": 2.2021535771112,
  "existing_positions": {
    "SOL/EUR": {
      "amount": 0.469,
      "current_price": 118.97,
      "buy_price": 126.47306216445935,
      "eur_value": 55.796929999999996,
      "profit_loss_pct": -5.932537756303186,
      "profit_loss_eur": -3.5189361551314353
    },
    "BTC/EUR": {
      "amount": 4.089e-05,
      "current_price": 91529.45,
      "buy_price": 91682.98,
      "eur_value": 3.7426392105,
      "profit_loss_pct": -0.16745747138672723,
      "profit_loss_eur": -0.006277841699999953
    }
  },
  "trading_enabled": true
}