{
  "timestamp": "2025-06-25T15:09:21.997944",
  "portfolio_name": "coinbase_all_eur",
  "strategy": "moderate",
  "portfolio_value": 100.29365759801121,
  "available_capital": 2.2021535771112,
  "existing_positions": {
    "XRP/EUR": {
      "amount": 18.560795,
      "current_price": 1.8893,
      "buy_price": 1.8815,
      "eur_value": 35.0669099935,
      "profit_loss_pct": 0.4145628487908599,
      "profit_loss_eur": 0.14477420100000052
    },
    "SOL/EUR": {
      "amount": 0.469,
      "current_price": 126.29,
      "buy_price": 126.47306216445935,
      "eur_value": 59.23001,
      "profit_loss_pct": -0.14474399633124918,
      "profit_loss_eur": -0.08585615513143212
    },
    "BTC/EUR": {
      "amount": 4.089e-05,
      "current_price": 92526.23,
      "buy_price": 91682.98,
      "eur_value": 3.7833975447,
      "profit_loss_pct": 0.9197454096714571,
      "profit_loss_eur": 0.0344804925
    }
  },
  "trading_enabled": true
}