{
  "timestamp": "2025-06-28T01:49:39.690832",
  "portfolio_name": "coinbase_all_eur",
  "strategy": "moderate",
  "portfolio_value": 96.8091636712112,
  "available_capital": 2.2021535771112,
  "existing_positions": {
    "SOL/EUR": {
      "amount": 0.469,
      "current_price": 121.41,
      "buy_price": 126.47306216445935,
      "eur_value": 56.941289999999995,
      "profit_loss_pct": -4.003273169645878,
      "profit_loss_eur": -2.3745761551314364
    },
    "BTC/EUR": {
      "amount": 4.089e-05,
      "current_price": 91434.64,
      "buy_price": 91682.98,
      "eur_value": 3.7387624296000004,
      "profit_loss_pct": -0.2708681589538173,
      "profit_loss_eur": -0.010154622599999857
    }
  },
  "trading_enabled": true
}