{
  "timestamp": "2025-06-26T18:52:18.430290",
  "portfolio_name": "coinbase_all_eur",
  "strategy": "moderate",
  "portfolio_value": 96.2200316439612,
  "available_capital": 2.2021535771112,
  "existing_positions": {
    "XRP/EUR": {
      "amount": 18.560795,
      "current_price": 1.792,
      "buy_price": 1.8815,
      "eur_value": 33.26094464,
      "profit_loss_pct": -4.756842944459204,
      "profit_loss_eur": -1.6611911524999983
    },
    "SOL/EUR": {
      "amount": 0.469,
      "current_price": 121.49,
      "buy_price": 126.47306216445935,
      "eur_value": 56.978809999999996,
      "profit_loss_pct": -3.9400185930341642,
      "profit_loss_eur": -2.3370561551314375
    },
    "BTC/EUR": {
      "amount": 4.089e-05,
      "current_price": 91380.1,
      "buy_price": 91682.98,
      "eur_value": 3.7365322890000003,
      "profit_loss_pct": -0.3303557541432337,
      "profit_loss_eur": -0.012384763199999597
    }
  },
  "trading_enabled": true
}