{
  "timestamp": "2025-06-27T08:28:11.811831",
  "portfolio_name": "coinbase_all_eur",
  "strategy": "moderate",
  "portfolio_value": 95.5802475457112,
  "available_capital": 2.2021535771112,
  "existing_positions": {
    "XRP/EUR": {
      "amount": 18.560795,
      "current_price": 1.7862,
      "buy_price": 1.8815,
      "eur_value": 33.153292029,
      "profit_loss_pct": -5.0651076268934325,
      "profit_loss_eur": -1.7688437634999987
    },
    "SOL/EUR": {
      "amount": 0.469,
      "current_price": 120.38,
      "buy_price": 126.47306216445935,
      "eur_value": 56.45822,
      "profit_loss_pct": -4.817675843521711,
      "profit_loss_eur": -2.857646155131437
    },
    "BTC/EUR": {
      "amount": 4.089e-05,
      "current_price": 91711.45,
      "buy_price": 91682.98,
      "eur_value": 3.7500811905,
      "profit_loss_pct": 0.031052655574678272,
      "profit_loss_eur": 0.0011641383000000477
    }
  },
  "trading_enabled": true
}