{
  "timestamp": "2025-06-26T12:12:16.971030",
  "portfolio_name": "coinbase_all_eur",
  "strategy": "moderate",
  "portfolio_value": 98.1637975246612,
  "available_capital": 2.2021535771112,
  "existing_positions": {
    "XRP/EUR": {
      "amount": 18.560795,
      "current_price": 1.8596,
      "buy_price": 1.8815,
      "eur_value": 34.515654381999994,
      "profit_loss_pct": -1.163964921605104,
      "profit_loss_eur": -0.40648141050000053
    },
    "SOL/EUR": {
      "amount": 0.469,
      "current_price": 123.02,
      "buy_price": 126.47306216445935,
      "eur_value": 57.69638,
      "profit_loss_pct": -2.730274815335112,
      "profit_loss_eur": -1.6194861551314368
    },
    "BTC/EUR": {
      "amount": 4.089e-05,
      "current_price": 91677.15,
      "buy_price": 91682.98,
      "eur_value": 3.7486786635000002,
      "profit_loss_pct": -0.006358868352666707,
      "profit_loss_eur": -0.0002383887000000714
    }
  },
  "trading_enabled": true
}