{
  "timestamp": "2025-06-26T10:40:00.753706",
  "portfolio_name": "coinbase_all_eur",
  "strategy": "moderate",
  "portfolio_value": 98.7276416367612,
  "available_capital": 2.2021535771112,
  "existing_positions": {
    "XRP/EUR": {
      "amount": 18.560795,
      "current_price": 1.8689,
      "buy_price": 1.8815,
      "eur_value": 34.6882697755,
      "profit_loss_pct": -0.6696784480467682,
      "profit_loss_eur": -0.23386601699999895
    },
    "SOL/EUR": {
      "amount": 0.469,
      "current_price": 123.81,
      "buy_price": 126.47306216445935,
      "eur_value": 58.06689,
      "profit_loss_pct": -2.1056358712944205,
      "profit_loss_eur": -1.248976155131434
    },
    "BTC/EUR": {
      "amount": 4.089e-05,
      "current_price": 92021.16,
      "buy_price": 91682.98,
      "eur_value": 3.7627452324000004,
      "profit_loss_pct": 0.36885799305389894,
      "profit_loss_eur": 0.01382818020000031
    }
  },
  "trading_enabled": true
}