{
  "timestamp": "2025-06-27T21:42:40.949428",
  "portfolio_name": "coinbase_all_eur",
  "strategy": "moderate",
  "portfolio_value": 95.77458027676118,
  "available_capital": 2.2021535771112,
  "existing_positions": {
    "XRP/EUR": {
      "amount": 18.560795,
      "current_price": 1.7895,
      "buy_price": 1.8815,
      "eur_value": 33.2145426525,
      "profit_loss_pct": -4.8897156524049885,
      "profit_loss_eur": -1.7075931399999973
    },
    "SOL/EUR": {
      "amount": 0.469,
      "current_price": 120.72,
      "buy_price": 126.47306216445935,
      "eur_value": 56.61767999999999,
      "profit_loss_pct": -4.548843892921918,
      "profit_loss_eur": -2.6981861551314354
    },
    "BTC/EUR": {
      "amount": 4.089e-05,
      "current_price": 91281.4,
      "buy_price": 91682.98,
      "eur_value": 3.732496446,
      "profit_loss_pct": -0.43800932299539325,
      "profit_loss_eur": -0.016420606200000073
    }
  },
  "trading_enabled": true
}