{
  "timestamp": "2025-06-27T03:20:16.423043",
  "portfolio_name": "coinbase_all_eur",
  "strategy": "moderate",
  "portfolio_value": 94.7942616022112,
  "available_capital": 2.2021535771112,
  "existing_positions": {
    "SOL/EUR": {
      "amount": 0.469,
      "current_price": 118.55,
      "buy_price": 126.47306216445935,
      "eur_value": 55.59994999999999,
      "profit_loss_pct": -6.264624283514691,
      "profit_loss_eur": -3.715916155131436
    },
    "BTC/EUR": {
      "amount": 4.089e-05,
      "current_price": 91395.76,
      "buy_price": 91682.98,
      "eur_value": 3.7371726264,
      "profit_loss_pct": -0.3132751575046984,
      "profit_loss_eur": -0.011744425800000048
    }
  },
  "trading_enabled": true
}