{
  "timestamp": "2025-06-27T16:25:39.206079",
  "portfolio_name": "coinbase_all_eur",
  "strategy": "moderate",
  "portfolio_value": 95.6743203096112,
  "available_capital": 2.2021535771112,
  "existing_positions": {
    "XRP/EUR": {
      "amount": 18.560795,
      "current_price": 1.7744,
      "buy_price": 1.8815,
      "eur_value": 32.934274648,
      "profit_loss_pct": -5.692266808397553,
      "profit_loss_eur": -1.9878611444999994
    },
    "SOL/EUR": {
      "amount": 0.469,
      "current_price": 121.11,
      "buy_price": 126.47306216445935,
      "eur_value": 56.80059,
      "profit_loss_pct": -4.240477831939807,
      "profit_loss_eur": -2.5152761551314353
    },
    "BTC/EUR": {
      "amount": 4.089e-05,
      "current_price": 90872.89,
      "buy_price": 91682.98,
      "eur_value": 3.7157924721000004,
      "profit_loss_pct": -0.8835773008250786,
      "profit_loss_eur": -0.03312458009999986
    }
  },
  "trading_enabled": true
}