{
  "timestamp": "2025-06-27T05:38:47.255467",
  "portfolio_name": "coinbase_all_eur",
  "strategy": "moderate",
  "portfolio_value": 96.02273152451119,
  "available_capital": 2.2021535771112,
  "existing_positions": {
    "SOL/EUR": {
      "amount": 0.469,
      "current_price": 120.78,
      "buy_price": 126.47306216445935,
      "eur_value": 56.64582,
      "profit_loss_pct": -4.501402960463131,
      "profit_loss_eur": -2.6700461551314345
    },
    "BTC/EUR": {
      "amount": 4.089e-05,
      "current_price": 91818.39,
      "buy_price": 91682.98,
      "eur_value": 3.7544539671000003,
      "profit_loss_pct": 0.1476937158892561,
      "profit_loss_eur": 0.005536914900000143
    }
  },
  "trading_enabled": true
}