{
  "timestamp": "2025-06-28T02:20:28.323554",
  "portfolio_name": "coinbase_all_eur",
  "strategy": "moderate",
  "portfolio_value": 96.62558370576119,
  "available_capital": 2.2021535771112,
  "existing_positions": {
    "XRP/EUR": {
      "amount": 18.560795,
      "current_price": 1.8255,
      "buy_price": 1.8815,
      "eur_value": 33.882731272499996,
      "profit_loss_pct": -2.9763486579856524,
      "profit_loss_eur": -1.0394045200000008
    },
    "SOL/EUR": {
      "amount": 0.469,
      "current_price": 121.1,
      "buy_price": 126.47306216445935,
      "eur_value": 56.795899999999996,
      "profit_loss_pct": -4.2483846540162755,
      "profit_loss_eur": -2.5199661551314376
    },
    "BTC/EUR": {
      "amount": 4.089e-05,
      "current_price": 91316.94,
      "buy_price": 91682.98,
      "eur_value": 3.7339496766000004,
      "profit_loss_pct": -0.399245312488745,
      "profit_loss_eur": -0.014967375599999739
    }
  },
  "trading_enabled": true
}