{
  "timestamp": "2025-06-26T20:55:35.445994",
  "portfolio_name": "coinbase_all_eur",
  "strategy": "moderate",
  "portfolio_value": 96.23531989441119,
  "available_capital": 2.2021535771112,
  "existing_positions": {
    "XRP/EUR": {
      "amount": 18.560795,
      "current_price": 1.8125,
      "buy_price": 1.8815,
      "eur_value": 33.6414409375,
      "profit_loss_pct": -3.6672867393037447,
      "profit_loss_eur": -1.280694854999999
    },
    "SOL/EUR": {
      "amount": 0.469,
      "current_price": 120.79,
      "buy_price": 126.47306216445935,
      "eur_value": 56.65051,
      "profit_loss_pct": -4.4934961383866625,
      "profit_loss_eur": -2.6653561551314318
    },
    "BTC/EUR": {
      "amount": 4.089e-05,
      "current_price": 91600.37,
      "buy_price": 91682.98,
      "eur_value": 3.7455391293,
      "profit_loss_pct": -0.09010396477077925,
      "profit_loss_eur": -0.003377922900000024
    }
  },
  "trading_enabled": true
}