{
  "timestamp": "2025-06-25T21:29:42.029749",
  "portfolio_name": "coinbase_all_eur",
  "strategy": "moderate",
  "portfolio_value": 99.15174632301118,
  "available_capital": 2.2021535771112,
  "existing_positions": {
    "XRP/EUR": {
      "amount": 18.560795,
      "current_price": 1.8881,
      "buy_price": 1.8815,
      "eur_value": 35.044637039499996,
      "profit_loss_pct": 0.3507839489768769,
      "profit_loss_eur": 0.12250124699999887
    },
    "SOL/EUR": {
      "amount": 0.469,
      "current_price": 123.9,
      "buy_price": 126.47306216445935,
      "eur_value": 58.1091,
      "profit_loss_pct": -2.034474472606238,
      "profit_loss_eur": -1.2067661551314324
    },
    "BTC/EUR": {
      "amount": 4.089e-05,
      "current_price": 92552.93,
      "buy_price": 91682.98,
      "eur_value": 3.7844893077,
      "profit_loss_pct": 0.9488674997256821,
      "profit_loss_eur": 0.035572255499999886
    }
  },
  "trading_enabled": true
}