{
  "timestamp": "2025-06-28T04:54:48.699961",
  "portfolio_name": "coinbase_all_eur",
  "strategy": "moderate",
  "portfolio_value": 97.76215098711118,
  "available_capital": 2.2021535771112,
  "existing_positions": {
    "SOL/EUR": {
      "amount": 0.469,
      "current_price": 122.16,
      "buy_price": 126.47306216445935,
      "eur_value": 57.29304,
      "profit_loss_pct": -3.410261513911049,
      "profit_loss_eur": -2.0228261551314364
    },
    "BTC/EUR": {
      "amount": 4.089e-05,
      "current_price": 91490.71,
      "buy_price": 91682.98,
      "eur_value": 3.7410551319000005,
      "profit_loss_pct": -0.20971176983993053,
      "profit_loss_eur": -0.007861920299999572
    }
  },
  "trading_enabled": true
}