{
  "timestamp": "2025-06-26T02:27:53.556255",
  "portfolio_name": "coinbase_all_eur",
  "strategy": "moderate",
  "portfolio_value": 98.66928348776119,
  "available_capital": 2.2021535771112,
  "existing_positions": {
    "XRP/EUR": {
      "amount": 18.560795,
      "current_price": 1.8765,
      "buy_price": 1.8815,
      "eur_value": 34.8293318175,
      "profit_loss_pct": -0.26574541589157025,
      "profit_loss_eur": -0.09280397499999801
    },
    "SOL/EUR": {
      "amount": 0.469,
      "current_price": 123.38,
      "buy_price": 126.47306216445935,
      "eur_value": 57.865219999999994,
      "profit_loss_pct": -2.4456292205823944,
      "profit_loss_eur": -1.4506461551314371
    },
    "BTC/EUR": {
      "amount": 4.089e-05,
      "current_price": 92041.81,
      "buy_price": 91682.98,
      "eur_value": 3.7635896109,
      "profit_loss_pct": 0.39138125745912905,
      "profit_loss_eur": 0.014672558700000072
    }
  },
  "trading_enabled": true
}