{
  "timestamp": "2025-06-25T15:21:55.303539",
  "portfolio_name": "coinbase_all_eur",
  "strategy": "moderate",
  "portfolio_value": 100.77402324971119,
  "available_capital": 2.2021535771112,
  "existing_positions": {
    "XRP/EUR": {
      "amount": 18.560795,
      "current_price": 1.8995,
      "buy_price": 1.8815,
      "eur_value": 35.2562301025,
      "profit_loss_pct": 0.9566834972096739,
      "profit_loss_eur": 0.3340943100000003
    },
    "SOL/EUR": {
      "amount": 0.469,
      "current_price": 126.93,
      "buy_price": 126.47306216445935,
      "eur_value": 59.53017,
      "profit_loss_pct": 0.361292616562472,
      "profit_loss_eur": 0.21430384486856813
    },
    "BTC/EUR": {
      "amount": 4.089e-05,
      "current_price": 92939.88,
      "buy_price": 91682.98,
      "eur_value": 3.8003116932000003,
      "profit_loss_pct": 1.3709196625153424,
      "profit_loss_eur": 0.05139464100000036
    }
  },
  "trading_enabled": true
}