{
  "timestamp": "2025-06-25T23:53:50.487314",
  "portfolio_name": "coinbase_all_eur",
  "strategy": "moderate",
  "portfolio_value": 98.83007179016118,
  "available_capital": 2.2021535771112,
  "existing_positions": {
    "XRP/EUR": {
      "amount": 18.560795,
      "current_price": 1.8756,
      "buy_price": 1.8815,
      "eur_value": 34.81262710199999,
      "profit_loss_pct": -0.31357959075206043,
      "profit_loss_eur": -0.1095086905000003
    },
    "SOL/EUR": {
      "amount": 0.469,
      "current_price": 123.74,
      "buy_price": 126.47306216445935,
      "eur_value": 58.03406,
      "profit_loss_pct": -2.160983625829677,
      "profit_loss_eur": -1.2818061551314375
    },
    "BTC/EUR": {
      "amount": 4.089e-05,
      "current_price": 92241.9,
      "buy_price": 91682.98,
      "eur_value": 3.771771291,
      "profit_loss_pct": 0.6096224184685078,
      "profit_loss_eur": 0.02285423879999993
    }
  },
  "trading_enabled": true
}