{
  "timestamp": "2025-06-27T13:05:18.113592",
  "portfolio_name": "coinbase_all_eur",
  "strategy": "moderate",
  "portfolio_value": 96.0371217106112,
  "available_capital": 2.2021535771112,
  "existing_positions": {
    "SOL/EUR": {
      "amount": 0.469,
      "current_price": 121.35,
      "buy_price": 126.47306216445935,
      "eur_value": 56.913149999999995,
      "profit_loss_pct": -4.050714102104666,
      "profit_loss_eur": -2.4027161551314378
    },
    "BTC/EUR": {
      "amount": 4.089e-05,
      "current_price": 91394.59,
      "buy_price": 91682.98,
      "eur_value": 3.7371247851000002,
      "profit_loss_pct": -0.31455129403516274,
      "profit_loss_eur": -0.011792267099999977
    }
  },
  "trading_enabled": true
}