{
  "timestamp": "2025-06-26T04:31:03.595711",
  "portfolio_name": "coinbase_all_eur",
  "strategy": "moderate",
  "portfolio_value": 99.26552910331121,
  "available_capital": 2.2021535771112,
  "existing_positions": {
    "XRP/EUR": {
      "amount": 18.560795,
      "current_price": 1.8781,
      "buy_price": 1.8815,
      "eur_value": 34.8590290895,
      "profit_loss_pct": -0.18070688280626349,
      "profit_loss_eur": -0.06310670299999717
    },
    "SOL/EUR": {
      "amount": 0.469,
      "current_price": 124.59,
      "buy_price": 126.47306216445935,
      "eur_value": 58.43271,
      "profit_loss_pct": -1.4889037493301973,
      "profit_loss_eur": -0.8831561551314334
    },
    "BTC/EUR": {
      "amount": 4.089e-05,
      "current_price": 92270.17,
      "buy_price": 91682.98,
      "eur_value": 3.7729272513,
      "profit_loss_pct": 0.6404569310465283,
      "profit_loss_eur": 0.024010199100000098
    }
  },
  "trading_enabled": true
}