{
  "timestamp": "2025-06-26T09:53:52.542718",
  "portfolio_name": "coinbase_all_eur",
  "strategy": "moderate",
  "portfolio_value": 99.0332661395112,
  "available_capital": 2.2021535771112,
  "existing_positions": {
    "SOL/EUR": {
      "amount": 0.469,
      "current_price": 124.31,
      "buy_price": 126.47306216445935,
      "eur_value": 58.30139,
      "profit_loss_pct": -1.7102947674712008,
      "profit_loss_eur": -1.0144761551314339
    },
    "BTC/EUR": {
      "amount": 4.089e-05,
      "current_price": 92223.15,
      "buy_price": 91682.98,
      "eur_value": 3.7710046035,
      "profit_loss_pct": 0.5891715125315498,
      "profit_loss_eur": 0.02208755129999993
    }
  },
  "trading_enabled": true
}