{
  "timestamp": "2025-06-25T15:37:17.458490",
  "portfolio_name": "coinbase_all_eur",
  "strategy": "moderate",
  "portfolio_value": 100.80813170881119,
  "available_capital": 2.2021535771112,
  "existing_positions": {
    "SOL/EUR": {
      "amount": 0.469,
      "current_price": 126.83,
      "buy_price": 126.47306216445935,
      "eur_value": 59.48327,
      "profit_loss_pct": 0.28222439579782144,
      "profit_loss_eur": 0.16740384486856413
    },
    "BTC/EUR": {
      "amount": 4.089e-05,
      "current_price": 92845.99,
      "buy_price": 91682.98,
      "eur_value": 3.7964725311000005,
      "profit_loss_pct": 1.2685124327328905,
      "profit_loss_eur": 0.047555478900000385
    }
  },
  "trading_enabled": true
}