{
  "timestamp": "2025-06-27T14:37:34.536088",
  "portfolio_name": "coinbase_all_eur",
  "strategy": "moderate",
  "portfolio_value": 95.95751794786119,
  "available_capital": 2.2021535771112,
  "existing_positions": {
    "XRP/EUR": {
      "amount": 18.560795,
      "current_price": 1.7848,
      "buy_price": 1.8815,
      "eur_value": 33.127306915999995,
      "profit_loss_pct": -5.139516343343078,
      "profit_loss_eur": -1.7948288765
    },
    "SOL/EUR": {
      "amount": 0.469,
      "current_price": 121.29,
      "buy_price": 126.47306216445935,
      "eur_value": 56.88501,
      "profit_loss_pct": -4.098155034563443,
      "profit_loss_eur": -2.430856155131432
    },
    "BTC/EUR": {
      "amount": 4.089e-05,
      "current_price": 91239.73,
      "buy_price": 91682.98,
      "eur_value": 3.7307925597000002,
      "profit_loss_pct": -0.48345941634968675,
      "profit_loss_eur": -0.018124492500000002
    }
  },
  "trading_enabled": true
}