{
  "timestamp": "2025-06-26T21:11:00.382077",
  "portfolio_name": "coinbase_all_eur",
  "strategy": "moderate",
  "portfolio_value": 96.3641509899112,
  "available_capital": 2.2021535771112,
  "existing_positions": {
    "SOL/EUR": {
      "amount": 0.469,
      "current_price": 120.92,
      "buy_price": 126.47306216445935,
      "eur_value": 56.711479999999995,
      "profit_loss_pct": -4.390707451392629,
      "profit_loss_eur": -2.6043861551314342
    },
    "BTC/EUR": {
      "amount": 4.089e-05,
      "current_price": 91766.7,
      "buy_price": 91682.98,
      "eur_value": 3.752340363,
      "profit_loss_pct": 0.0913146584022478,
      "profit_loss_eur": 0.0034233108000000477
    }
  },
  "trading_enabled": true
}