{
  "timestamp": "2025-06-27T01:01:55.935412",
  "portfolio_name": "coinbase_all_eur",
  "strategy": "moderate",
  "portfolio_value": 95.37666330276122,
  "available_capital": 2.2021535771112,
  "existing_positions": {
    "XRP/EUR": {
      "amount": 18.560795,
      "current_price": 1.8069,
      "buy_price": 1.8815,
      "eur_value": 33.5375004855,
      "profit_loss_pct": -3.9649216051023117,
      "profit_loss_eur": -1.384635307
    },
    "SOL/EUR": {
      "amount": 0.469,
      "current_price": 119.15,
      "buy_price": 126.47306216445935,
      "eur_value": 55.88135,
      "profit_loss_pct": -5.790214958926822,
      "profit_loss_eur": -3.434516155131432
    },
    "BTC/EUR": {
      "amount": 4.089e-05,
      "current_price": 91591.62,
      "buy_price": 91682.98,
      "eur_value": 3.7451813418,
      "profit_loss_pct": -0.09964772087469298,
      "profit_loss_eur": -0.003735710400000024
    }
  },
  "trading_enabled": true
}