{
  "timestamp": "2025-06-27T14:52:59.162575",
  "portfolio_name": "coinbase_all_eur",
  "strategy": "moderate",
  "portfolio_value": 95.53763717261121,
  "available_capital": 2.2021535771112,
  "existing_positions": {
    "XRP/EUR": {
      "amount": 18.560795,
      "current_price": 1.7777,
      "buy_price": 1.8815,
      "eur_value": 32.9955252715,
      "profit_loss_pct": -5.516874833909109,
      "profit_loss_eur": -1.926610520999998
    },
    "SOL/EUR": {
      "amount": 0.469,
      "current_price": 120.7,
      "buy_price": 126.47306216445935,
      "eur_value": 56.6083,
      "profit_loss_pct": -4.564657537074844,
      "profit_loss_eur": -2.7075661551314334
    },
    "BTC/EUR": {
      "amount": 4.089e-05,
      "current_price": 91027.99,
      "buy_price": 91682.98,
      "eur_value": 3.7221345111000006,
      "profit_loss_pct": -0.7144074069145556,
      "profit_loss_eur": -0.02678254109999962
    }
  },
  "trading_enabled": true
}