{
  "timestamp": "2025-06-26T09:07:49.092918",
  "portfolio_name": "coinbase_all_eur",
  "strategy": "moderate",
  "portfolio_value": 98.88624800206121,
  "available_capital": 2.2021535771112,
  "existing_positions": {
    "SOL/EUR": {
      "amount": 0.469,
      "current_price": 124.04,
      "buy_price": 126.47306216445935,
      "eur_value": 58.17476,
      "profit_loss_pct": -1.9237789635357363,
      "profit_loss_eur": -1.141106155131432
    },
    "BTC/EUR": {
      "amount": 4.089e-05,
      "current_price": 92235.87,
      "buy_price": 91682.98,
      "eur_value": 3.7715247243000003,
      "profit_loss_pct": 0.6030454071191834,
      "profit_loss_eur": 0.02260767209999998
    }
  },
  "trading_enabled": true
}