{
  "timestamp": "2025-06-28T04:24:03.384202",
  "portfolio_name": "coinbase_all_eur",
  "strategy": "moderate",
  "portfolio_value": 97.9622254877112,
  "available_capital": 2.2021535771112,
  "existing_positions": {
    "SOL/EUR": {
      "amount": 0.469,
      "current_price": 122.17,
      "buy_price": 126.47306216445935,
      "eur_value": 57.297729999999994,
      "profit_loss_pct": -3.4023546918345806,
      "profit_loss_eur": -2.018136155131434
    },
    "BTC/EUR": {
      "amount": 4.089e-05,
      "current_price": 91536.31,
      "buy_price": 91682.98,
      "eur_value": 3.7429197159000003,
      "profit_loss_pct": -0.15997516660125824,
      "profit_loss_eur": -0.005997336299999929
    }
  },
  "trading_enabled": true
}