{
  "timestamp": "2025-06-25T14:07:48.804235",
  "portfolio_name": "coinbase_all_eur",
  "strategy": "moderate",
  "portfolio_value": 100.1539628565612,
  "available_capital": 2.2021535771112,
  "existing_positions": {
    "XRP/EUR": {
      "amount": 18.560795,
      "current_price": 1.8913,
      "buy_price": 1.8815,
      "eur_value": 35.104031583499996,
      "profit_loss_pct": 0.5208610151474904,
      "profit_loss_eur": 0.18189579100000056
    },
    "SOL/EUR": {
      "amount": 0.469,
      "current_price": 125.93,
      "buy_price": 126.47306216445935,
      "eur_value": 59.06117,
      "profit_loss_pct": -0.4293895910839667,
      "profit_loss_eur": -0.25469615513143185
    },
    "BTC/EUR": {
      "amount": 4.089e-05,
      "current_price": 92394.99,
      "buy_price": 91682.98,
      "eur_value": 3.7780311411000005,
      "profit_loss_pct": 0.7765999752625943,
      "profit_loss_eur": 0.029114088900000383
    }
  },
  "trading_enabled": true
}