{
  "timestamp": "2025-06-28T06:42:56.529800",
  "portfolio_name": "coinbase_all_eur",
  "strategy": "moderate",
  "portfolio_value": 97.97145486301119,
  "available_capital": 2.2021535771112,
  "existing_positions": {
    "XRP/EUR": {
      "amount": 18.560795,
      "current_price": 1.8637,
      "buy_price": 1.8815,
      "eur_value": 34.5917536415,
      "profit_loss_pct": -0.9460536805740121,
      "profit_loss_eur": -0.3303821510000007
    },
    "SOL/EUR": {
      "amount": 0.469,
      "current_price": 122.44,
      "buy_price": 126.47306216445935,
      "eur_value": 57.42435999999999,
      "profit_loss_pct": -3.188870495770045,
      "profit_loss_eur": -1.891506155131436
    },
    "BTC/EUR": {
      "amount": 4.089e-05,
      "current_price": 91602.01,
      "buy_price": 91682.98,
      "eur_value": 3.7456061889,
      "profit_loss_pct": -0.08831519219816063,
      "profit_loss_eur": -0.003310863300000048
    }
  },
  "trading_enabled": true
}