{
  "timestamp": "2025-06-26T14:46:20.684373",
  "portfolio_name": "coinbase_all_eur",
  "strategy": "moderate",
  "portfolio_value": 97.7247656979612,
  "available_capital": 2.2021535771112,
  "existing_positions": {
    "XRP/EUR": {
      "amount": 18.560795,
      "current_price": 1.8465,
      "buy_price": 1.8815,
      "eur_value": 34.2725079675,
      "profit_loss_pct": -1.8602179112410269,
      "profit_loss_eur": -0.6496278249999985
    },
    "SOL/EUR": {
      "amount": 0.469,
      "current_price": 122.55,
      "buy_price": 126.47306216445935,
      "eur_value": 57.47595,
      "profit_loss_pct": -3.101895452928937,
      "profit_loss_eur": -1.8399161551314362
    },
    "BTC/EUR": {
      "amount": 4.089e-05,
      "current_price": 91654.06,
      "buy_price": 91682.98,
      "eur_value": 3.7477345134,
      "profit_loss_pct": -0.03154347731716209,
      "profit_loss_eur": -0.0011825387999999286
    }
  },
  "trading_enabled": true
}