{
  "timestamp": "2025-06-26T19:38:29.611391",
  "portfolio_name": "coinbase_all_eur",
  "strategy": "moderate",
  "portfolio_value": 96.38245208106119,
  "available_capital": 2.2021535771112,
  "existing_positions": {
    "XRP/EUR": {
      "amount": 18.560795,
      "current_price": 1.8073,
      "buy_price": 1.8815,
      "eur_value": 33.544924803499995,
      "profit_loss_pct": -3.943661971830988,
      "profit_loss_eur": -1.3772109890000008
    },
    "SOL/EUR": {
      "amount": 0.469,
      "current_price": 121.27,
      "buy_price": 126.47306216445935,
      "eur_value": 56.875629999999994,
      "profit_loss_pct": -4.11396867871638,
      "profit_loss_eur": -2.4402361551314367
    },
    "BTC/EUR": {
      "amount": 4.089e-05,
      "current_price": 91539.81,
      "buy_price": 91682.98,
      "eur_value": 3.7430628309,
      "profit_loss_pct": -0.15615766415969273,
      "profit_loss_eur": -0.005854221299999929
    }
  },
  "trading_enabled": true
}