{
  "timestamp": "2025-06-26T18:36:54.898301",
  "portfolio_name": "coinbase_all_eur",
  "strategy": "moderate",
  "portfolio_value": 96.20264051111118,
  "available_capital": 2.2021535771112,
  "existing_positions": {
    "XRP/EUR": {
      "amount": 18.560795,
      "current_price": 1.7918,
      "buy_price": 1.8815,
      "eur_value": 33.257232480999996,
      "profit_loss_pct": -4.767472761094865,
      "profit_loss_eur": -1.6649033114999978
    },
    "SOL/EUR": {
      "amount": 0.469,
      "current_price": 121.52,
      "buy_price": 126.47306216445935,
      "eur_value": 56.99287999999999,
      "profit_loss_pct": -3.91629812680477,
      "profit_loss_eur": -2.322986155131437
    },
    "BTC/EUR": {
      "amount": 4.089e-05,
      "current_price": 91350.77,
      "buy_price": 91682.98,
      "eur_value": 3.7353329853000004,
      "profit_loss_pct": -0.36234642460355443,
      "profit_loss_eur": -0.013584066899999667
    }
  },
  "trading_enabled": true
}