{
  "timestamp": "2025-06-26T01:56:56.010459",
  "portfolio_name": "coinbase_all_eur",
  "strategy": "moderate",
  "portfolio_value": 98.31715008216119,
  "available_capital": 2.2021535771112,
  "existing_positions": {
    "XRP/EUR": {
      "amount": 18.560795,
      "current_price": 1.8711,
      "buy_price": 1.8815,
      "eur_value": 34.7291035245,
      "profit_loss_pct": -0.5527504650544759,
      "profit_loss_eur": -0.19303226799999934
    },
    "SOL/EUR": {
      "amount": 0.469,
      "current_price": 122.86,
      "buy_price": 126.47306216445935,
      "eur_value": 57.62134,
      "profit_loss_pct": -2.8567839685585397,
      "profit_loss_eur": -1.6945261551314352
    },
    "BTC/EUR": {
      "amount": 4.089e-05,
      "current_price": 91870.36,
      "buy_price": 91682.98,
      "eur_value": 3.7565790204000002,
      "profit_loss_pct": 0.20437817357158838,
      "profit_loss_eur": 0.007661968200000191
    }
  },
  "trading_enabled": true
}