{
  "timestamp": "2025-06-26T02:58:45.551799",
  "portfolio_name": "coinbase_all_eur",
  "strategy": "moderate",
  "portfolio_value": 98.66860337051119,
  "available_capital": 2.2021535771112,
  "existing_positions": {
    "XRP/EUR": {
      "amount": 18.560795,
      "current_price": 1.8735,
      "buy_price": 1.8815,
      "eur_value": 34.773649432499994,
      "profit_loss_pct": -0.4251926654265218,
      "profit_loss_eur": -0.14848636000000012
    },
    "SOL/EUR": {
      "amount": 0.469,
      "current_price": 123.5,
      "buy_price": 126.47306216445935,
      "eur_value": 57.921499999999995,
      "profit_loss_pct": -2.350747355664818,
      "profit_loss_eur": -1.394366155131435
    },
    "BTC/EUR": {
      "amount": 4.089e-05,
      "current_price": 91916.62,
      "buy_price": 91682.98,
      "eur_value": 3.7584705918,
      "profit_loss_pct": 0.25483464869924544,
      "profit_loss_eur": 0.009553539599999977
    }
  },
  "trading_enabled": true
}