{
  "timestamp": "2025-06-27T10:16:01.242291",
  "portfolio_name": "coinbase_all_eur",
  "strategy": "moderate",
  "portfolio_value": 95.4305734438612,
  "available_capital": 2.2021535771112,
  "existing_positions": {
    "XRP/EUR": {
      "amount": 18.560795,
      "current_price": 1.7853,
      "buy_price": 1.8815,
      "eur_value": 33.1365873135,
      "profit_loss_pct": -5.112941801753911,
      "profit_loss_eur": -1.785548478999997
    },
    "SOL/EUR": {
      "amount": 0.469,
      "current_price": 120.16,
      "buy_price": 126.47306216445935,
      "eur_value": 56.355039999999995,
      "profit_loss_pct": -4.991625929203926,
      "profit_loss_eur": -2.9608261551314365
    },
    "BTC/EUR": {
      "amount": 4.089e-05,
      "current_price": 91226.38,
      "buy_price": 91682.98,
      "eur_value": 3.7302466782000003,
      "profit_loss_pct": -0.49802046137679123,
      "profit_loss_eur": -0.018670373999999646
    }
  },
  "trading_enabled": true
}