{
  "timestamp": "2025-06-26T15:17:04.087697",
  "portfolio_name": "coinbase_all_eur",
  "strategy": "moderate",
  "portfolio_value": 97.2239459234112,
  "available_capital": 2.2021535771112,
  "existing_positions": {
    "XRP/EUR": {
      "amount": 18.560795,
      "current_price": 1.8354,
      "buy_price": 1.8815,
      "eur_value": 34.066483143,
      "profit_loss_pct": -2.450172734520331,
      "profit_loss_eur": -0.8556526495000005
    },
    "SOL/EUR": {
      "amount": 0.469,
      "current_price": 121.98,
      "buy_price": 126.47306216445935,
      "eur_value": 57.208619999999996,
      "profit_loss_pct": -3.5525843112874016,
      "profit_loss_eur": -2.107246155131433
    },
    "BTC/EUR": {
      "amount": 4.089e-05,
      "current_price": 91481.78,
      "buy_price": 91682.98,
      "eur_value": 3.7406899842000003,
      "profit_loss_pct": -0.2194518546408473,
      "profit_loss_eur": -0.008227067999999881
    }
  },
  "trading_enabled": true
}