{
  "timestamp": "2025-06-25T15:52:41.190121",
  "portfolio_name": "coinbase_all_eur",
  "strategy": "moderate",
  "portfolio_value": 100.8257823973112,
  "available_capital": 2.2021535771112,
  "existing_positions": {
    "XRP/EUR": {
      "amount": 18.560795,
      "current_price": 1.9094,
      "buy_price": 1.8815,
      "eur_value": 35.439981972999995,
      "profit_loss_pct": 1.4828594206749952,
      "profit_loss_eur": 0.5178461805000006
    },
    "SOL/EUR": {
      "amount": 0.469,
      "current_price": 126.59,
      "buy_price": 126.47306216445935,
      "eur_value": 59.370709999999995,
      "profit_loss_pct": 0.09246066596268018,
      "profit_loss_eur": 0.05484384486856655
    },
    "BTC/EUR": {
      "amount": 4.089e-05,
      "current_price": 92938.67,
      "buy_price": 91682.98,
      "eur_value": 3.8002622163,
      "profit_loss_pct": 1.369599897385537,
      "profit_loss_eur": 0.0513451641000001
    }
  },
  "trading_enabled": true
}