{
  "timestamp": "2025-06-27T08:59:00.097380",
  "portfolio_name": "coinbase_all_eur",
  "strategy": "moderate",
  "portfolio_value": 95.78208360036119,
  "available_capital": 2.2021535771112,
  "existing_positions": {
    "SOL/EUR": {
      "amount": 0.469,
      "current_price": 120.68,
      "buy_price": 126.47306216445935,
      "eur_value": 56.59892,
      "profit_loss_pct": -4.58047118122777,
      "profit_loss_eur": -2.716946155131432
    },
    "BTC/EUR": {
      "amount": 4.089e-05,
      "current_price": 91648.64,
      "buy_price": 91682.98,
      "eur_value": 3.7475128896000003,
      "profit_loss_pct": -0.03745515252667017,
      "profit_loss_eur": -0.0014041625999998573
    }
  },
  "trading_enabled": true
}