{
  "timestamp": "2025-06-26T06:03:20.432313",
  "portfolio_name": "coinbase_all_eur",
  "strategy": "moderate",
  "portfolio_value": 99.3894138335612,
  "available_capital": 2.2021535771112,
  "existing_positions": {
    "XRP/EUR": {
      "amount": 18.560795,
      "current_price": 1.8782,
      "buy_price": 1.8815,
      "eur_value": 34.860885169,
      "profit_loss_pct": -0.17539197448843258,
      "profit_loss_eur": -0.061250623499997374
    },
    "SOL/EUR": {
      "amount": 0.469,
      "current_price": 124.83,
      "buy_price": 126.47306216445935,
      "eur_value": 58.545269999999995,
      "profit_loss_pct": -1.299140019495056,
      "profit_loss_eur": -0.7705961551314358
    },
    "BTC/EUR": {
      "amount": 4.089e-05,
      "current_price": 92282.73,
      "buy_price": 91682.98,
      "eur_value": 3.7734408297,
      "profit_loss_pct": 0.6541563112368294,
      "profit_loss_eur": 0.024523777500000003
    }
  },
  "trading_enabled": true
}