{
  "timestamp": "2025-06-26T09:38:33.481573",
  "portfolio_name": "coinbase_all_eur",
  "strategy": "moderate",
  "portfolio_value": 99.1834485852612,
  "available_capital": 2.2021535771112,
  "existing_positions": {
    "XRP/EUR": {
      "amount": 18.560795,
      "current_price": 1.8742,
      "buy_price": 1.8815,
      "eur_value": 34.786641988999996,
      "profit_loss_pct": -0.38798830720169347,
      "profit_loss_eur": -0.13549380349999743
    },
    "SOL/EUR": {
      "amount": 0.469,
      "current_price": 124.54,
      "buy_price": 126.47306216445935,
      "eur_value": 58.409259999999996,
      "profit_loss_pct": -1.528437859712517,
      "profit_loss_eur": -0.9066061551314321
    },
    "BTC/EUR": {
      "amount": 4.089e-05,
      "current_price": 92356.41,
      "buy_price": 91682.98,
      "eur_value": 3.7764536049000004,
      "profit_loss_pct": 0.7345201912067078,
      "profit_loss_eur": 0.02753655270000031
    }
  },
  "trading_enabled": true
}