{
  "timestamp": "2025-06-28T06:27:32.923503",
  "portfolio_name": "coinbase_all_eur",
  "strategy": "moderate",
  "portfolio_value": 97.9853971054612,
  "available_capital": 2.2021535771112,
  "existing_positions": {
    "SOL/EUR": {
      "amount": 0.469,
      "current_price": 122.39,
      "buy_price": 126.47306216445935,
      "eur_value": 57.400909999999996,
      "profit_loss_pct": -3.2284046061523646,
      "profit_loss_eur": -1.9149561551314347
    },
    "BTC/EUR": {
      "amount": 4.089e-05,
      "current_price": 91597.18,
      "buy_price": 91682.98,
      "eur_value": 3.7454086902,
      "profit_loss_pct": -0.0935833455675229,
      "profit_loss_eur": -0.0035083620000001194
    }
  },
  "trading_enabled": true
}