{
  "timestamp": "2025-06-27T05:54:16.158967",
  "portfolio_name": "coinbase_all_eur",
  "strategy": "moderate",
  "portfolio_value": 96.1384216346612,
  "available_capital": 2.2021535771112,
  "existing_positions": {
    "XRP/EUR": {
      "amount": 18.560795,
      "current_price": 1.8021,
      "buy_price": 1.8815,
      "eur_value": 33.4484086695,
      "profit_loss_pct": -4.220037204358221,
      "profit_loss_eur": -1.4737271229999984
    },
    "SOL/EUR": {
      "amount": 0.469,
      "current_price": 120.93,
      "buy_price": 126.47306216445935,
      "eur_value": 56.71617,
      "profit_loss_pct": -4.3828006293161605,
      "profit_loss_eur": -2.5996961551314315
    },
    "BTC/EUR": {
      "amount": 4.089e-05,
      "current_price": 91955.19,
      "buy_price": 91682.98,
      "eur_value": 3.7600477191000006,
      "profit_loss_pct": 0.29690352560530475,
      "profit_loss_eur": 0.011130666900000263
    }
  },
  "trading_enabled": true
}