{
  "timestamp": "2025-06-26T07:35:34.037374",
  "portfolio_name": "coinbase_all_eur",
  "strategy": "moderate",
  "portfolio_value": 98.97074250646119,
  "available_capital": 2.2021535771112,
  "existing_positions": {
    "XRP/EUR": {
      "amount": 18.560795,
      "current_price": 1.875,
      "buy_price": 1.8815,
      "eur_value": 34.801490625,
      "profit_loss_pct": -0.345469040659046,
      "profit_loss_eur": -0.12064516749999907
    },
    "SOL/EUR": {
      "amount": 0.469,
      "current_price": 124.07,
      "buy_price": 126.47306216445935,
      "eur_value": 58.188829999999996,
      "profit_loss_pct": -1.9000584973063535,
      "profit_loss_eur": -1.1270361551314383
    },
    "BTC/EUR": {
      "amount": 4.089e-05,
      "current_price": 92207.26,
      "buy_price": 91682.98,
      "eur_value": 3.7703548614,
      "profit_loss_pct": 0.571840051446843,
      "profit_loss_eur": 0.021437809199999953
    }
  },
  "trading_enabled": true
}