{
  "timestamp": "2025-06-25T21:38:35.565632",
  "portfolio_name": "coinbase_all_eur",
  "strategy": "moderate",
  "portfolio_value": 98.7445791772612,
  "available_capital": 2.2021535771112,
  "existing_positions": {
    "XRP/EUR": {
      "amount": 18.560795,
      "current_price": 1.8806,
      "buy_price": 1.8815,
      "eur_value": 34.905431076999996,
      "profit_loss_pct": -0.04783417486047839,
      "profit_loss_eur": -0.01670471549999816
    },
    "SOL/EUR": {
      "amount": 0.469,
      "current_price": 123.37,
      "buy_price": 126.47306216445935,
      "eur_value": 57.86053,
      "profit_loss_pct": -2.4535360426588517,
      "profit_loss_eur": -1.4553361551314328
    },
    "BTC/EUR": {
      "amount": 4.089e-05,
      "current_price": 92310.6,
      "buy_price": 91682.98,
      "eur_value": 3.7745804340000007,
      "profit_loss_pct": 0.6845545378215345,
      "profit_loss_eur": 0.025663381800000405
    }
  },
  "trading_enabled": true
}