{
  "timestamp": "2025-06-25T12:50:58.503782",
  "portfolio_name": "coinbase_all_eur",
  "strategy": "moderate",
  "portfolio_value": 99.9304059862112,
  "available_capital": 2.2021535771112,
  "existing_positions": {
    "SOL/EUR": {
      "amount": 0.469,
      "current_price": 125.66,
      "buy_price": 126.47306216445935,
      "eur_value": 58.93454,
      "profit_loss_pct": -0.6428737871485132,
      "profit_loss_eur": -0.38132615513143664
    },
    "BTC/EUR": {
      "amount": 4.089e-05,
      "current_price": 92326.31,
      "buy_price": 91682.98,
      "eur_value": 3.7752228159000003,
      "profit_loss_pct": 0.7016896702092381,
      "profit_loss_eur": 0.026305763700000075
    }
  },
  "trading_enabled": true
}