{
  "timestamp": "2025-06-27T09:14:27.537259",
  "portfolio_name": "coinbase_all_eur",
  "strategy": "moderate",
  "portfolio_value": 95.9693237511612,
  "available_capital": 2.2021535771112,
  "existing_positions": {
    "XRP/EUR": {
      "amount": 18.560795,
      "current_price": 1.792,
      "buy_price": 1.8815,
      "eur_value": 33.26094464,
      "profit_loss_pct": -4.756842944459204,
      "profit_loss_eur": -1.6611911524999983
    },
    "SOL/EUR": {
      "amount": 0.469,
      "current_price": 120.99,
      "buy_price": 126.47306216445935,
      "eur_value": 56.74430999999999,
      "profit_loss_pct": -4.335359696857384,
      "profit_loss_eur": -2.571556155131437
    },
    "BTC/EUR": {
      "amount": 4.089e-05,
      "current_price": 91749.99,
      "buy_price": 91682.98,
      "eur_value": 3.7516570911000007,
      "profit_loss_pct": 0.07308881103123974,
      "profit_loss_eur": 0.002740038900000381
    }
  },
  "trading_enabled": true
}