{
  "timestamp": "2025-06-28T05:41:13.676668",
  "portfolio_name": "coinbase_all_eur",
  "strategy": "moderate",
  "portfolio_value": 97.9954385876112,
  "available_capital": 2.2021535771112,
  "existing_positions": {
    "XRP/EUR": {
      "amount": 18.560795,
      "current_price": 1.8658,
      "buy_price": 1.8815,
      "eur_value": 34.630731311,
      "profit_loss_pct": -0.8344406058995508,
      "profit_loss_eur": -0.29140448150000087
    },
    "SOL/EUR": {
      "amount": 0.469,
      "current_price": 122.39,
      "buy_price": 126.47306216445935,
      "eur_value": 57.400909999999996,
      "profit_loss_pct": -3.2284046061523646,
      "profit_loss_eur": -1.9149561551314347
    },
    "BTC/EUR": {
      "amount": 4.089e-05,
      "current_price": 91579.5,
      "buy_price": 91682.98,
      "eur_value": 3.7446857550000003,
      "profit_loss_pct": -0.11286718647233752,
      "profit_loss_eur": -0.004231297199999834
    }
  },
  "trading_enabled": true
}