{
  "timestamp": "2025-06-27T15:54:49.715783",
  "portfolio_name": "coinbase_all_eur",
  "strategy": "moderate",
  "portfolio_value": 95.7219532004612,
  "available_capital": 2.2021535771112,
  "existing_positions": {
    "XRP/EUR": {
      "amount": 18.560795,
      "current_price": 1.7762,
      "buy_price": 1.8815,
      "eur_value": 32.967684079,
      "profit_loss_pct": -5.596598458676586,
      "profit_loss_eur": -1.954451713499999
    },
    "SOL/EUR": {
      "amount": 0.469,
      "current_price": 121.16,
      "buy_price": 126.47306216445935,
      "eur_value": 56.82404,
      "profit_loss_pct": -4.200943721557487,
      "profit_loss_eur": -2.4918261551314367
    },
    "BTC/EUR": {
      "amount": 4.089e-05,
      "current_price": 90993.16,
      "buy_price": 91682.98,
      "eur_value": 3.7207103124000005,
      "profit_loss_pct": -0.7523970097830507,
      "profit_loss_eur": -0.028206739799999693
    }
  },
  "trading_enabled": true
}