{
  "timestamp": "2025-06-28T04:39:24.634792",
  "portfolio_name": "coinbase_all_eur",
  "strategy": "moderate",
  "portfolio_value": 97.9209620810112,
  "available_capital": 2.2021535771112,
  "existing_positions": {
    "XRP/EUR": {
      "amount": 18.560795,
      "current_price": 1.8654,
      "buy_price": 1.8815,
      "eur_value": 34.623306993,
      "profit_loss_pct": -0.8557002391708745,
      "profit_loss_eur": -0.2988287995
    },
    "SOL/EUR": {
      "amount": 0.469,
      "current_price": 122.32,
      "buy_price": 126.47306216445935,
      "eur_value": 57.36807999999999,
      "profit_loss_pct": -3.283752360687621,
      "profit_loss_eur": -1.9477861551314382
    },
    "BTC/EUR": {
      "amount": 4.089e-05,
      "current_price": 91537.65,
      "buy_price": 91682.98,
      "eur_value": 3.7429745085,
      "profit_loss_pct": -0.1585136085236341,
      "profit_loss_eur": -0.005942543700000072
    }
  },
  "trading_enabled": true
}