{
  "timestamp": "2025-06-26T13:44:39.945759",
  "portfolio_name": "coinbase_all_eur",
  "strategy": "moderate",
  "portfolio_value": 97.9594923390612,
  "available_capital": 2.2021535771112,
  "existing_positions": {
    "XRP/EUR": {
      "amount": 18.560795,
      "current_price": 1.8568,
      "buy_price": 1.8815,
      "eur_value": 34.463684156,
      "profit_loss_pct": -1.312782354504382,
      "profit_loss_eur": -0.4584516364999989
    },
    "SOL/EUR": {
      "amount": 0.469,
      "current_price": 122.7,
      "buy_price": 126.47306216445935,
      "eur_value": 57.546299999999995,
      "profit_loss_pct": -2.983293121781967,
      "profit_loss_eur": -1.7695661551314337
    },
    "BTC/EUR": {
      "amount": 4.089e-05,
      "current_price": 91633.53,
      "buy_price": 91682.98,
      "eur_value": 3.7468950417,
      "profit_loss_pct": -0.05393585592440068,
      "profit_loss_eur": -0.002022010499999881
    }
  },
  "trading_enabled": true
}