{
  "timestamp": "2025-06-25T19:57:01.746727",
  "portfolio_name": "coinbase_all_eur",
  "strategy": "moderate",
  "portfolio_value": 98.96249406691119,
  "available_capital": 2.2021535771112,
  "existing_positions": {
    "XRP/EUR": {
      "amount": 18.560795,
      "current_price": 1.8828,
      "buy_price": 1.8815,
      "eur_value": 34.946264826,
      "profit_loss_pct": 0.06909380813181391,
      "profit_loss_eur": 0.02412903350000146
    },
    "SOL/EUR": {
      "amount": 0.469,
      "current_price": 123.69,
      "buy_price": 126.47306216445935,
      "eur_value": 58.01060999999999,
      "profit_loss_pct": -2.2005177362119968,
      "profit_loss_eur": -1.3052561551314361
    },
    "BTC/EUR": {
      "amount": 4.089e-05,
      "current_price": 92226.71,
      "buy_price": 91682.98,
      "eur_value": 3.7711501719000005,
      "profit_loss_pct": 0.593054457872127,
      "profit_loss_eur": 0.02223311970000043
    }
  },
  "trading_enabled": true
}