{
  "timestamp": "2025-06-27T10:46:43.342750",
  "portfolio_name": "coinbase_all_eur",
  "strategy": "moderate",
  "portfolio_value": 96.15887069751119,
  "available_capital": 2.2021535771112,
  "existing_positions": {
    "XRP/EUR": {
      "amount": 18.560795,
      "current_price": 1.7934,
      "buy_price": 1.8815,
      "eur_value": 33.286929753,
      "profit_loss_pct": -4.682434228009559,
      "profit_loss_eur": -1.635206039499997
    },
    "SOL/EUR": {
      "amount": 0.469,
      "current_price": 121.42,
      "buy_price": 126.47306216445935,
      "eur_value": 56.94598,
      "profit_loss_pct": -3.9953663475694094,
      "profit_loss_eur": -2.369886155131434
    },
    "BTC/EUR": {
      "amount": 4.089e-05,
      "current_price": 91376.02,
      "buy_price": 91682.98,
      "eur_value": 3.7363654578000003,
      "profit_loss_pct": -0.3348058712751177,
      "profit_loss_eur": -0.012551594399999668
    }
  },
  "trading_enabled": true
}