{
  "timestamp": "2025-06-27T01:17:18.727031",
  "portfolio_name": "coinbase_all_eur",
  "strategy": "moderate",
  "portfolio_value": 95.02752148611121,
  "available_capital": 2.2021535771112,
  "existing_positions": {
    "XRP/EUR": {
      "amount": 18.560795,
      "current_price": 1.8015,
      "buy_price": 1.8815,
      "eur_value": 33.4372721925,
      "profit_loss_pct": -4.2519266542652066,
      "profit_loss_eur": -1.484863599999997
    },
    "SOL/EUR": {
      "amount": 0.469,
      "current_price": 118.69,
      "buy_price": 126.47306216445935,
      "eur_value": 55.665609999999994,
      "profit_loss_pct": -6.15392877444419,
      "profit_loss_eur": -3.650256155131436
    },
    "BTC/EUR": {
      "amount": 4.089e-05,
      "current_price": 91454.74,
      "buy_price": 91682.98,
      "eur_value": 3.7395843186000004,
      "profit_loss_pct": -0.248944787789392,
      "profit_loss_eur": -0.00933273359999962
    }
  },
  "trading_enabled": true
}