{
  "timestamp": "2025-06-27T15:08:27.434612",
  "portfolio_name": "coinbase_all_eur",
  "strategy": "moderate",
  "portfolio_value": 95.5420885182612,
  "available_capital": 2.2021535771112,
  "existing_positions": {
    "XRP/EUR": {
      "amount": 18.560795,
      "current_price": 1.776,
      "buy_price": 1.8815,
      "eur_value": 32.96397192,
      "profit_loss_pct": -5.607228275312247,
      "profit_loss_eur": -1.9581638724999986
    },
    "SOL/EUR": {
      "amount": 0.469,
      "current_price": 120.72,
      "buy_price": 126.47306216445935,
      "eur_value": 56.61767999999999,
      "profit_loss_pct": -4.548843892921918,
      "profit_loss_eur": -2.6981861551314354
    },
    "BTC/EUR": {
      "amount": 4.089e-05,
      "current_price": 90957.75,
      "buy_price": 91682.98,
      "eur_value": 3.7192623975,
      "profit_loss_pct": -0.7910192273418644,
      "profit_loss_eur": -0.029654654699999835
    }
  },
  "trading_enabled": true
}