{
  "timestamp": "2025-06-26T21:26:19.616280",
  "portfolio_name": "coinbase_all_eur",
  "strategy": "moderate",
  "portfolio_value": 96.5764261822112,
  "available_capital": 2.2021535771112,
  "existing_positions": {
    "SOL/EUR": {
      "amount": 0.469,
      "current_price": 121.38,
      "buy_price": 126.47306216445935,
      "eur_value": 56.92721999999999,
      "profit_loss_pct": -4.0269936358752725,
      "profit_loss_eur": -2.388646155131437
    },
    "BTC/EUR": {
      "amount": 4.089e-05,
      "current_price": 91835.13,
      "buy_price": 91682.98,
      "eur_value": 3.7551384657000004,
      "profit_loss_pct": 0.1659522847097779,
      "profit_loss_eur": 0.006221413500000357
    }
  },
  "trading_enabled": true
}