{
  "timestamp": "2025-06-27T23:46:14.634665",
  "portfolio_name": "coinbase_all_eur",
  "strategy": "moderate",
  "portfolio_value": 96.98509057011121,
  "available_capital": 2.2021535771112,
  "existing_positions": {
    "XRP/EUR": {
      "amount": 18.560795,
      "current_price": 1.8243,
      "buy_price": 1.8815,
      "eur_value": 33.8604583185,
      "profit_loss_pct": -3.0401275577996234,
      "profit_loss_eur": -1.0616774739999983
    },
    "SOL/EUR": {
      "amount": 0.469,
      "current_price": 121.89,
      "buy_price": 126.47306216445935,
      "eur_value": 57.16641,
      "profit_loss_pct": -3.6237457099755845,
      "profit_loss_eur": -2.1494561551314346
    },
    "BTC/EUR": {
      "amount": 4.089e-05,
      "current_price": 91489.75,
      "buy_price": 91682.98,
      "eur_value": 3.7410158775,
      "profit_loss_pct": -0.21075885622390975,
      "profit_loss_eur": -0.007901174699999835
    }
  },
  "trading_enabled": true
}