{
  "timestamp": "2025-06-25T10:48:07.559084",
  "portfolio_name": "coinbase_all_eur",
  "strategy": "moderate",
  "portfolio_value": 99.4531202840112,
  "available_capital": 2.2021535771112,
  "existing_positions": {
    "XRP/EUR": {
      "amount": 18.560795,
      "current_price": 1.876,
      "buy_price": 1.8815,
      "eur_value": 34.82005142,
      "profit_loss_pct": -0.2923199574807367,
      "profit_loss_eur": -0.10208437250000112
    },
    "SOL/EUR": {
      "amount": 0.469,
      "current_price": 125.06,
      "buy_price": 126.47306216445935,
      "eur_value": 58.65314,
      "profit_loss_pct": -1.117283111736372,
      "profit_loss_eur": -0.662726155131434
    },
    "BTC/EUR": {
      "amount": 4.089e-05,
      "current_price": 91666.0,
      "buy_price": 91682.98,
      "eur_value": 3.74822274,
      "profit_loss_pct": -0.018520340416504705,
      "profit_loss_eur": -0.0006943121999998334
    }
  },
  "trading_enabled": true
}