{
  "timestamp": "2025-06-28T02:35:53.141071",
  "portfolio_name": "coinbase_all_eur",
  "strategy": "moderate",
  "portfolio_value": 96.9432082248612,
  "available_capital": 2.2021535771112,
  "existing_positions": {
    "XRP/EUR": {
      "amount": 18.560795,
      "current_price": 1.8323,
      "buy_price": 1.8815,
      "eur_value": 34.0089446785,
      "profit_loss_pct": -2.614934892373102,
      "profit_loss_eur": -0.9131911139999983
    },
    "SOL/EUR": {
      "amount": 0.469,
      "current_price": 121.5,
      "buy_price": 126.47306216445935,
      "eur_value": 56.9835,
      "profit_loss_pct": -3.9321117709576954,
      "profit_loss_eur": -2.3323661551314347
    },
    "BTC/EUR": {
      "amount": 4.089e-05,
      "current_price": 91401.87,
      "buy_price": 91682.98,
      "eur_value": 3.7374224643000002,
      "profit_loss_pct": -0.30661088895670774,
      "profit_loss_eur": -0.011494587900000025
    }
  },
  "trading_enabled": true
}