{
  "timestamp": "2025-06-26T03:14:07.827230",
  "portfolio_name": "coinbase_all_eur",
  "strategy": "moderate",
  "portfolio_value": 98.6189446224112,
  "available_capital": 2.2021535771112,
  "existing_positions": {
    "XRP/EUR": {
      "amount": 18.560795,
      "current_price": 1.8715,
      "buy_price": 1.8815,
      "eur_value": 34.736527842499996,
      "profit_loss_pct": -0.5314908317831523,
      "profit_loss_eur": -0.18560795000000016
    },
    "SOL/EUR": {
      "amount": 0.469,
      "current_price": 123.48,
      "buy_price": 126.47306216445935,
      "eur_value": 57.91212,
      "profit_loss_pct": -2.366560999817744,
      "profit_loss_eur": -1.4037461551314332
    },
    "BTC/EUR": {
      "amount": 4.089e-05,
      "current_price": 91862.59,
      "buy_price": 91682.98,
      "eur_value": 3.7562613051000002,
      "profit_loss_pct": 0.19590331815130857,
      "profit_loss_eur": 0.007344252900000024
    }
  },
  "trading_enabled": true
}