{
  "timestamp": "2025-06-26T17:50:50.891418",
  "portfolio_name": "coinbase_all_eur",
  "strategy": "moderate",
  "portfolio_value": 96.7605194152112,
  "available_capital": 2.2021535771112,
  "existing_positions": {
    "SOL/EUR": {
      "amount": 0.469,
      "current_price": 121.95,
      "buy_price": 126.47306216445935,
      "eur_value": 57.19455,
      "profit_loss_pct": -3.5763047775167958,
      "profit_loss_eur": -2.1213161551314337
    },
    "BTC/EUR": {
      "amount": 4.089e-05,
      "current_price": 91454.36,
      "buy_price": 91682.98,
      "eur_value": 3.7395687804000004,
      "profit_loss_pct": -0.24935925948305274,
      "profit_loss_eur": -0.00934827179999981
    }
  },
  "trading_enabled": true
}