{
  "timestamp": "2025-06-27T21:58:03.909954",
  "portfolio_name": "coinbase_all_eur",
  "strategy": "moderate",
  "portfolio_value": 96.1489720847112,
  "available_capital": 2.2021535771112,
  "existing_positions": {
    "XRP/EUR": {
      "amount": 18.560795,
      "current_price": 1.7929,
      "buy_price": 1.8815,
      "eur_value": 33.277649355499996,
      "profit_loss_pct": -4.709008769598725,
      "profit_loss_eur": -1.644486437
    },
    "SOL/EUR": {
      "amount": 0.469,
      "current_price": 121.37,
      "buy_price": 126.47306216445935,
      "eur_value": 56.92253,
      "profit_loss_pct": -4.0349004579517285,
      "profit_loss_eur": -2.3933361551314327
    },
    "BTC/EUR": {
      "amount": 4.089e-05,
      "current_price": 91426.45,
      "buy_price": 91682.98,
      "eur_value": 3.7384275405,
      "profit_loss_pct": -0.2798011146670831,
      "profit_loss_eur": -0.010489511699999954
    }
  },
  "trading_enabled": true
}