{
  "timestamp": "2025-06-27T09:45:11.000726",
  "portfolio_name": "coinbase_all_eur",
  "strategy": "moderate",
  "portfolio_value": 95.29322019591119,
  "available_capital": 2.2021535771112,
  "existing_positions": {
    "XRP/EUR": {
      "amount": 18.560795,
      "current_price": 1.7802,
      "buy_price": 1.8815,
      "eur_value": 33.041927259,
      "profit_loss_pct": -5.384002125963325,
      "profit_loss_eur": -1.880208533499999
    },
    "SOL/EUR": {
      "amount": 0.469,
      "current_price": 120.07,
      "buy_price": 126.47306216445935,
      "eur_value": 56.31282999999999,
      "profit_loss_pct": -5.062787327892108,
      "profit_loss_eur": -3.003036155131438
    },
    "BTC/EUR": {
      "amount": 4.089e-05,
      "current_price": 91359.79,
      "buy_price": 91682.98,
      "eur_value": 3.7357018131,
      "profit_loss_pct": -0.3525081754541599,
      "profit_loss_eur": -0.013215239100000097
    }
  },
  "trading_enabled": true
}