{
  "timestamp": "2025-06-26T21:41:44.402733",
  "portfolio_name": "coinbase_all_eur",
  "strategy": "moderate",
  "portfolio_value": 96.7391766027112,
  "available_capital": 2.2021535771112,
  "existing_positions": {
    "SOL/EUR": {
      "amount": 0.469,
      "current_price": 121.55,
      "buy_price": 126.47306216445935,
      "eur_value": 57.006949999999996,
      "profit_loss_pct": -3.8925776605753764,
      "profit_loss_eur": -2.308916155131436
    },
    "BTC/EUR": {
      "amount": 4.089e-05,
      "current_price": 91906.28,
      "buy_price": 91682.98,
      "eur_value": 3.7580477892000004,
      "profit_loss_pct": 0.24355665577188143,
      "profit_loss_eur": 0.00913073700000012
    }
  },
  "trading_enabled": true
}