{
  "timestamp": "2025-06-26T09:23:09.890491",
  "portfolio_name": "coinbase_all_eur",
  "strategy": "moderate",
  "portfolio_value": 99.06186649601119,
  "available_capital": 2.2021535771112,
  "existing_positions": {
    "SOL/EUR": {
      "amount": 0.469,
      "current_price": 124.43,
      "buy_price": 126.47306216445935,
      "eur_value": 58.35767,
      "profit_loss_pct": -1.6154129025536246,
      "profit_loss_eur": -0.9581961551314317
    },
    "BTC/EUR": {
      "amount": 4.089e-05,
      "current_price": 92252.18,
      "buy_price": 91682.98,
      "eur_value": 3.7721916402,
      "profit_loss_pct": 0.620834968496876,
      "profit_loss_eur": 0.023274587999999884
    }
  },
  "trading_enabled": true
}