{
  "timestamp": "2025-06-25T13:21:45.794975",
  "portfolio_name": "coinbase_all_eur",
  "strategy": "moderate",
  "portfolio_value": 99.7205115938612,
  "available_capital": 2.2021535771112,
  "existing_positions": {
    "XRP/EUR": {
      "amount": 18.560795,
      "current_price": 1.8843,
      "buy_price": 1.8815,
      "eur_value": 34.9741060185,
      "profit_loss_pct": 0.1488174328992897,
      "profit_loss_eur": 0.05197022600000251
    },
    "SOL/EUR": {
      "amount": 0.469,
      "current_price": 125.29,
      "buy_price": 126.47306216445935,
      "eur_value": 58.76101,
      "profit_loss_pct": -0.9354262039776878,
      "profit_loss_eur": -0.554856155131432
    },
    "BTC/EUR": {
      "amount": 4.089e-05,
      "current_price": 92164.3,
      "buy_price": 91682.98,
      "eur_value": 3.7685982270000005,
      "profit_loss_pct": 0.5249829357640938,
      "profit_loss_eur": 0.019681174800000287
    }
  },
  "trading_enabled": true
}