{
  "timestamp": "2025-06-25T13:52:27.618944",
  "portfolio_name": "coinbase_all_eur",
  "strategy": "moderate",
  "portfolio_value": 100.27186107131119,
  "available_capital": 2.2021535771112,
  "existing_positions": {
    "XRP/EUR": {
      "amount": 18.560795,
      "current_price": 1.8938,
      "buy_price": 1.8815,
      "eur_value": 35.15043357099999,
      "profit_loss_pct": 0.6537337230932755,
      "profit_loss_eur": 0.22829777849999958
    },
    "SOL/EUR": {
      "amount": 0.469,
      "current_price": 126.08,
      "buy_price": 126.47306216445935,
      "eur_value": 59.131519999999995,
      "profit_loss_pct": -0.3107872599370076,
      "profit_loss_eur": -0.18434615513143585
    },
    "BTC/EUR": {
      "amount": 4.089e-05,
      "current_price": 92409.25,
      "buy_price": 91682.98,
      "eur_value": 3.7786142325000003,
      "profit_loss_pct": 0.7921535709245097,
      "profit_loss_eur": 0.02969718030000017
    }
  },
  "trading_enabled": true
}