{
  "timestamp": "2025-06-25T17:19:20.522887",
  "portfolio_name": "coinbase_all_eur",
  "strategy": "moderate",
  "portfolio_value": 99.09706203581119,
  "available_capital": 2.2021535771112,
  "existing_positions": {
    "XRP/EUR": {
      "amount": 18.560795,
      "current_price": 1.8795,
      "buy_price": 1.8815,
      "eur_value": 34.885014202499995,
      "profit_loss_pct": -0.10629816635663045,
      "profit_loss_eur": -0.03712159000000003
    },
    "SOL/EUR": {
      "amount": 0.469,
      "current_price": 124.14,
      "buy_price": 126.47306216445935,
      "eur_value": 58.22166,
      "profit_loss_pct": -1.8447107427710967,
      "profit_loss_eur": -1.0942061551314348
    },
    "BTC/EUR": {
      "amount": 4.089e-05,
      "current_price": 92266.68,
      "buy_price": 91682.98,
      "eur_value": 3.7727845452,
      "profit_loss_pct": 0.6366503357547901,
      "profit_loss_eur": 0.023867492999999882
    }
  },
  "trading_enabled": true
}