{
  "timestamp": "2025-06-25T17:40:02.912221",
  "portfolio_name": "coinbase_all_eur",
  "strategy": "moderate",
  "portfolio_value": 98.8956037827112,
  "available_capital": 2.2021535771112,
  "existing_positions": {
    "XRP/EUR": {
      "amount": 18.560795,
      "current_price": 1.8808,
      "buy_price": 1.8815,
      "eur_value": 34.909143236,
      "profit_loss_pct": -0.037204358224816526,
      "profit_loss_eur": -0.012992556499998567
    },
    "SOL/EUR": {
      "amount": 0.469,
      "current_price": 123.66,
      "buy_price": 126.47306216445935,
      "eur_value": 57.996539999999996,
      "profit_loss_pct": -2.2242382024413905,
      "profit_loss_eur": -1.3193261551314366
    },
    "BTC/EUR": {
      "amount": 4.089e-05,
      "current_price": 92122.11,
      "buy_price": 91682.98,
      "eur_value": 3.7668730779,
      "profit_loss_pct": 0.4789656706184776,
      "profit_loss_eur": 0.01795602570000019
    }
  },
  "trading_enabled": true
}