{
  "timestamp": "2025-06-27T19:54:48.594118",
  "portfolio_name": "coinbase_all_eur",
  "strategy": "moderate",
  "portfolio_value": 95.8414318248612,
  "available_capital": 2.2021535771112,
  "existing_positions": {
    "XRP/EUR": {
      "amount": 18.560795,
      "current_price": 1.787,
      "buy_price": 1.8815,
      "eur_value": 33.168140664999996,
      "profit_loss_pct": -5.0225883603507855,
      "profit_loss_eur": -1.7539951275000003
    },
    "SOL/EUR": {
      "amount": 0.469,
      "current_price": 120.96,
      "buy_price": 126.47306216445935,
      "eur_value": 56.730239999999995,
      "profit_loss_pct": -4.3590801630867775,
      "profit_loss_eur": -2.585626155131438
    },
    "BTC/EUR": {
      "amount": 4.089e-05,
      "current_price": 91257.39,
      "buy_price": 91682.98,
      "eur_value": 3.7315146771000003,
      "profit_loss_pct": -0.4641973897445268,
      "profit_loss_eur": -0.01740237509999986
    }
  },
  "trading_enabled": true
}