{
  "timestamp": "2025-06-28T01:03:25.958842",
  "portfolio_name": "coinbase_all_eur",
  "strategy": "moderate",
  "portfolio_value": 96.88739982571121,
  "available_capital": 2.2021535771112,
  "existing_positions": {
    "XRP/EUR": {
      "amount": 18.560795,
      "current_price": 1.8228,
      "buy_price": 1.8815,
      "eur_value": 33.832617125999995,
      "profit_loss_pct": -3.1198511825670994,
      "profit_loss_eur": -1.0895186664999994
    },
    "SOL/EUR": {
      "amount": 0.469,
      "current_price": 121.76,
      "buy_price": 126.47306216445935,
      "eur_value": 57.10544,
      "profit_loss_pct": -3.7265343969696176,
      "profit_loss_eur": -2.2104261551314326
    },
    "BTC/EUR": {
      "amount": 4.089e-05,
      "current_price": 91433.24,
      "buy_price": 91682.98,
      "eur_value": 3.7387051836000005,
      "profit_loss_pct": -0.2723951599304371,
      "profit_loss_eur": -0.01021186859999962
    }
  },
  "trading_enabled": true
}