{
  "timestamp": "2025-06-26T10:55:20.484198",
  "portfolio_name": "coinbase_all_eur",
  "strategy": "moderate",
  "portfolio_value": 98.5847969482612,
  "available_capital": 2.2021535771112,
  "existing_positions": {
    "SOL/EUR": {
      "amount": 0.469,
      "current_price": 123.55,
      "buy_price": 126.47306216445935,
      "eur_value": 57.94495,
      "profit_loss_pct": -2.3112132452824983,
      "profit_loss_eur": -1.3709161551314364
    },
    "BTC/EUR": {
      "amount": 4.089e-05,
      "current_price": 91934.1,
      "buy_price": 91682.98,
      "eur_value": 3.7591853490000005,
      "profit_loss_pct": 0.2739003466074182,
      "profit_loss_eur": 0.010268296800000406
    }
  },
  "trading_enabled": true
}