{
  "timestamp": "2025-06-26T19:07:40.503440",
  "portfolio_name": "coinbase_all_eur",
  "strategy": "moderate",
  "portfolio_value": 96.4398438265612,
  "available_capital": 2.2021535771112,
  "existing_positions": {
    "XRP/EUR": {
      "amount": 18.560795,
      "current_price": 1.7987,
      "buy_price": 1.8815,
      "eur_value": 33.385301966499995,
      "profit_loss_pct": -4.400744087164496,
      "profit_loss_eur": -1.5368338259999996
    },
    "SOL/EUR": {
      "amount": 0.469,
      "current_price": 121.74,
      "buy_price": 126.47306216445935,
      "eur_value": 57.096059999999994,
      "profit_loss_pct": -3.742348041122554,
      "profit_loss_eur": -2.219806155131437
    },
    "BTC/EUR": {
      "amount": 4.089e-05,
      "current_price": 91551.82,
      "buy_price": 91682.98,
      "eur_value": 3.7435539198000005,
      "profit_loss_pct": -0.14305817721019642,
      "profit_loss_eur": -0.005363132399999548
    }
  },
  "trading_enabled": true
}