{
  "timestamp": "2025-06-26T20:24:49.734343",
  "portfolio_name": "coinbase_all_eur",
  "strategy": "moderate",
  "portfolio_value": 96.2760695356612,
  "available_capital": 2.2021535771112,
  "existing_positions": {
    "XRP/EUR": {
      "amount": 18.560795,
      "current_price": 1.807,
      "buy_price": 1.8815,
      "eur_value": 33.539356565,
      "profit_loss_pct": -3.959606696784481,
      "profit_loss_eur": -1.3827792275000002
    },
    "SOL/EUR": {
      "amount": 0.469,
      "current_price": 121.04,
      "buy_price": 126.47306216445935,
      "eur_value": 56.76776,
      "profit_loss_pct": -4.295825586475052,
      "profit_loss_eur": -2.548106155131432
    },
    "BTC/EUR": {
      "amount": 4.089e-05,
      "current_price": 91634.42,
      "buy_price": 91682.98,
      "eur_value": 3.7469314338000004,
      "profit_loss_pct": -0.05296511958926038,
      "profit_loss_eur": -0.001985618399999905
    }
  },
  "trading_enabled": true
}