{
  "timestamp": "2025-06-27T00:15:46.537553",
  "portfolio_name": "coinbase_all_eur",
  "strategy": "moderate",
  "portfolio_value": 95.7223035943112,
  "available_capital": 2.2021535771112,
  "existing_positions": {
    "SOL/EUR": {
      "amount": 0.469,
      "current_price": 119.71,
      "buy_price": 126.47306216445935,
      "eur_value": 56.143989999999995,
      "profit_loss_pct": -5.347432922644826,
      "profit_loss_eur": -3.1718761551314376
    },
    "BTC/EUR": {
      "amount": 4.089e-05,
      "current_price": 91527.12,
      "buy_price": 91682.98,
      "eur_value": 3.7425439368,
      "profit_loss_pct": -0.16999883729782844,
      "profit_loss_eur": -0.006373115400000024
    }
  },
  "trading_enabled": true
}