{
  "timestamp": "2025-06-26T10:24:38.130144",
  "portfolio_name": "coinbase_all_eur",
  "strategy": "moderate",
  "portfolio_value": 98.86891144506119,
  "available_capital": 2.2021535771112,
  "existing_positions": {
    "XRP/EUR": {
      "amount": 18.560795,
      "current_price": 1.8694,
      "buy_price": 1.8815,
      "eur_value": 34.697550172999996,
      "profit_loss_pct": -0.6431039064576136,
      "profit_loss_eur": -0.22458561949999997
    },
    "SOL/EUR": {
      "amount": 0.469,
      "current_price": 124.06,
      "buy_price": 126.47306216445935,
      "eur_value": 58.18414,
      "profit_loss_pct": -1.9079653193828108,
      "profit_loss_eur": -1.131726155131434
    },
    "BTC/EUR": {
      "amount": 4.089e-05,
      "current_price": 92075.4,
      "buy_price": 91682.98,
      "eur_value": 3.764963106,
      "profit_loss_pct": 0.4280183737483209,
      "profit_loss_eur": 0.01604605379999993
    }
  },
  "trading_enabled": true
}