{
  "timestamp": "2025-06-26T23:14:06.807544",
  "portfolio_name": "coinbase_all_eur",
  "strategy": "moderate",
  "portfolio_value": 96.38270203246121,
  "available_capital": 2.2021535771112,
  "existing_positions": {
    "XRP/EUR": {
      "amount": 18.560795,
      "current_price": 1.8136,
      "buy_price": 1.8815,
      "eur_value": 33.661857812,
      "profit_loss_pct": -3.6088227478075927,
      "profit_loss_eur": -1.260277980499997
    },
    "SOL/EUR": {
      "amount": 0.469,
      "current_price": 121.0,
      "buy_price": 126.47306216445935,
      "eur_value": 56.748999999999995,
      "profit_loss_pct": -4.3274528747809144,
      "profit_loss_eur": -2.566866155131435
    },
    "BTC/EUR": {
      "amount": 4.089e-05,
      "current_price": 91842.06,
      "buy_price": 91682.98,
      "eur_value": 3.7554218334000002,
      "profit_loss_pct": 0.17351093954406996,
      "profit_loss_eur": 0.006504781200000072
    }
  },
  "trading_enabled": true
}