{
  "timestamp": "2025-06-26T02:12:25.337044",
  "portfolio_name": "coinbase_all_eur",
  "strategy": "moderate",
  "portfolio_value": 98.5284271345112,
  "available_capital": 2.2021535771112,
  "existing_positions": {
    "SOL/EUR": {
      "amount": 0.469,
      "current_price": 123.18,
      "buy_price": 126.47306216445935,
      "eur_value": 57.77142,
      "profit_loss_pct": -2.603765662111673,
      "profit_loss_eur": -1.5444461551314317
    },
    "BTC/EUR": {
      "amount": 4.089e-05,
      "current_price": 92050.78,
      "buy_price": 91682.98,
      "eur_value": 3.7639563942,
      "profit_loss_pct": 0.401164970859371,
      "profit_loss_eur": 0.01503934200000012
    }
  },
  "trading_enabled": true
}