{
  "timestamp": "2025-06-26T19:23:01.588023",
  "portfolio_name": "coinbase_all_eur",
  "strategy": "moderate",
  "portfolio_value": 96.2416504908612,
  "available_capital": 2.2021535771112,
  "existing_positions": {
    "SOL/EUR": {
      "amount": 0.469,
      "current_price": 121.19,
      "buy_price": 126.47306216445935,
      "eur_value": 56.83810999999999,
      "profit_loss_pct": -4.1772232553280935,
      "profit_loss_eur": -2.477756155131436
    },
    "BTC/EUR": {
      "amount": 4.089e-05,
      "current_price": 91553.72,
      "buy_price": 91682.98,
      "eur_value": 3.7436316108000005,
      "profit_loss_pct": -0.14098581874192437,
      "profit_loss_eur": -0.005285441399999786
    }
  },
  "trading_enabled": true
}