{
  "timestamp": "2025-06-27T18:53:07.524851",
  "portfolio_name": "coinbase_all_eur",
  "strategy": "moderate",
  "portfolio_value": 97.08068945251121,
  "available_capital": 2.2021535771112,
  "existing_positions": {
    "SOL/EUR": {
      "amount": 0.469,
      "current_price": 122.92,
      "buy_price": 126.47306216445935,
      "eur_value": 57.64948,
      "profit_loss_pct": -2.8093430360997513,
      "profit_loss_eur": -1.666386155131434
    },
    "BTC/EUR": {
      "amount": 4.089e-05,
      "current_price": 91725.49,
      "buy_price": 91682.98,
      "eur_value": 3.7506552861000007,
      "profit_loss_pct": 0.04636629394028129,
      "profit_loss_eur": 0.001738233900000381
    }
  },
  "trading_enabled": true
}