{
  "timestamp": "2025-06-26T05:32:34.400964",
  "portfolio_name": "coinbase_all_eur",
  "strategy": "moderate",
  "portfolio_value": 99.57049986071121,
  "available_capital": 2.2021535771112,
  "existing_positions": {
    "SOL/EUR": {
      "amount": 0.469,
      "current_price": 125.19,
      "buy_price": 126.47306216445935,
      "eur_value": 58.71411,
      "profit_loss_pct": -1.0144944247423384,
      "profit_loss_eur": -0.6017561551314361
    },
    "BTC/EUR": {
      "amount": 4.089e-05,
      "current_price": 92307.55,
      "buy_price": 91682.98,
      "eur_value": 3.7744557195000006,
      "profit_loss_pct": 0.6812278571224528,
      "profit_loss_eur": 0.025538667300000286
    }
  },
  "trading_enabled": true
}