{
  "timestamp": "2025-06-27T04:52:41.030410",
  "portfolio_name": "coinbase_all_eur",
  "strategy": "moderate",
  "portfolio_value": 95.95952780806118,
  "available_capital": 2.2021535771112,
  "existing_positions": {
    "XRP/EUR": {
      "amount": 18.560795,
      "current_price": 1.8022,
      "buy_price": 1.8815,
      "eur_value": 33.450264749,
      "profit_loss_pct": -4.21472229604039,
      "profit_loss_eur": -1.4718710434999986
    },
    "SOL/EUR": {
      "amount": 0.469,
      "current_price": 120.55,
      "buy_price": 126.47306216445935,
      "eur_value": 56.537949999999995,
      "profit_loss_pct": -4.683259868221815,
      "profit_loss_eur": -2.7779161551314364
    },
    "BTC/EUR": {
      "amount": 4.089e-05,
      "current_price": 91753.09,
      "buy_price": 91682.98,
      "eur_value": 3.7517838501000003,
      "profit_loss_pct": 0.07647002747947393,
      "profit_loss_eur": 0.002866797900000024
    }
  },
  "trading_enabled": true
}