{
  "timestamp": "2025-06-27T18:37:43.200596",
  "portfolio_name": "coinbase_all_eur",
  "strategy": "moderate",
  "portfolio_value": 97.15478013061121,
  "available_capital": 2.2021535771112,
  "existing_positions": {
    "SOL/EUR": {
      "amount": 0.469,
      "current_price": 123.03,
      "buy_price": 126.47306216445935,
      "eur_value": 57.701069999999994,
      "profit_loss_pct": -2.7223679932586435,
      "profit_loss_eur": -1.6147961551314345
    },
    "BTC/EUR": {
      "amount": 4.089e-05,
      "current_price": 91797.27,
      "buy_price": 91682.98,
      "eur_value": 3.7535903703000004,
      "profit_loss_pct": 0.12465781544187171,
      "profit_loss_eur": 0.004673318100000334
    }
  },
  "trading_enabled": true
}