{
  "timestamp": "2025-06-27T13:36:04.441579",
  "portfolio_name": "coinbase_all_eur",
  "strategy": "moderate",
  "portfolio_value": 95.9249973932112,
  "available_capital": 2.2021535771112,
  "existing_positions": {
    "SOL/EUR": {
      "amount": 0.469,
      "current_price": 121.26,
      "buy_price": 126.47306216445935,
      "eur_value": 56.87094,
      "profit_loss_pct": -4.121875500792837,
      "profit_loss_eur": -2.4449261551314323
    },
    "BTC/EUR": {
      "amount": 4.089e-05,
      "current_price": 91381.91,
      "buy_price": 91682.98,
      "eur_value": 3.7366062999000005,
      "profit_loss_pct": -0.32838156002345525,
      "profit_loss_eur": -0.012310752299999691
    }
  },
  "trading_enabled": true
}