{
  "timestamp": "2025-06-27T08:12:50.740384",
  "portfolio_name": "coinbase_all_eur",
  "strategy": "moderate",
  "portfolio_value": 95.6252420333112,
  "available_capital": 2.2021535771112,
  "existing_positions": {
    "XRP/EUR": {
      "amount": 18.560795,
      "current_price": 1.7897,
      "buy_price": 1.8815,
      "eur_value": 33.218254811499996,
      "profit_loss_pct": -4.879085835769327,
      "profit_loss_eur": -1.7038809809999977
    },
    "SOL/EUR": {
      "amount": 0.469,
      "current_price": 120.32,
      "buy_price": 126.47306216445935,
      "eur_value": 56.43008,
      "profit_loss_pct": -4.865116775980498,
      "profit_loss_eur": -2.885786155131438
    },
    "BTC/EUR": {
      "amount": 4.089e-05,
      "current_price": 91844.98,
      "buy_price": 91682.98,
      "eur_value": 3.7555412322,
      "profit_loss_pct": 0.17669582729531697,
      "profit_loss_eur": 0.00662418
    }
  },
  "trading_enabled": true
}