{
  "timestamp": "2025-06-28T05:10:17.929991",
  "portfolio_name": "coinbase_all_eur",
  "strategy": "moderate",
  "portfolio_value": 97.6362755173112,
  "available_capital": 2.2021535771112,
  "existing_positions": {
    "XRP/EUR": {
      "amount": 18.560795,
      "current_price": 1.8553,
      "buy_price": 1.8815,
      "eur_value": 34.435842963499994,
      "profit_loss_pct": -1.3925059792718577,
      "profit_loss_eur": -0.486292829
    },
    "SOL/EUR": {
      "amount": 0.469,
      "current_price": 122.09,
      "buy_price": 126.47306216445935,
      "eur_value": 57.26021,
      "profit_loss_pct": -3.465609268446294,
      "profit_loss_eur": -2.0556561551314334
    },
    "BTC/EUR": {
      "amount": 4.089e-05,
      "current_price": 91475.02,
      "buy_price": 91682.98,
      "eur_value": 3.7404135678000006,
      "profit_loss_pct": -0.2268250879279795,
      "profit_loss_eur": -0.008503484399999667
    }
  },
  "trading_enabled": true
}