{
  "timestamp": "2025-06-27T04:37:16.917703",
  "portfolio_name": "coinbase_all_eur",
  "strategy": "moderate",
  "portfolio_value": 95.6773173387112,
  "available_capital": 2.2021535771112,
  "existing_positions": {
    "XRP/EUR": {
      "amount": 18.560795,
      "current_price": 1.7996,
      "buy_price": 1.8815,
      "eur_value": 33.402006682,
      "profit_loss_pct": -4.352909912304005,
      "profit_loss_eur": -1.5201291104999974
    },
    "SOL/EUR": {
      "amount": 0.469,
      "current_price": 120.09,
      "buy_price": 126.47306216445935,
      "eur_value": 56.32221,
      "profit_loss_pct": -5.046973683739171,
      "profit_loss_eur": -2.993656155131433
    },
    "BTC/EUR": {
      "amount": 4.089e-05,
      "current_price": 91758.19,
      "buy_price": 91682.98,
      "eur_value": 3.7519923891,
      "profit_loss_pct": 0.08203267389433286,
      "profit_loss_eur": 0.003075336900000262
    }
  },
  "trading_enabled": true
}