{
  "timestamp": "2025-06-25T10:58:04.659413",
  "portfolio_name": "coinbase_all_eur",
  "strategy": "moderate",
  "portfolio_value": 99.7598242059112,
  "available_capital": 2.2021535771112,
  "existing_positions": {
    "XRP/EUR": {
      "amount": 18.560795,
      "current_price": 1.8803,
      "buy_price": 1.8815,
      "eur_value": 34.8998628385,
      "profit_loss_pct": -0.06377889981397118,
      "profit_loss_eur": -0.022272953999997545
    },
    "SOL/EUR": {
      "amount": 0.469,
      "current_price": 125.65,
      "buy_price": 126.47306216445935,
      "eur_value": 58.92985,
      "profit_loss_pct": -0.6507806092249704,
      "profit_loss_eur": -0.38601615513143234
    },
    "BTC/EUR": {
      "amount": 4.089e-05,
      "current_price": 91844.38,
      "buy_price": 91682.98,
      "eur_value": 3.7555166982000006,
      "profit_loss_pct": 0.17604139830534385,
      "profit_loss_eur": 0.006599646000000357
    }
  },
  "trading_enabled": true
}