{
  "timestamp": "2025-06-27T19:39:22.082183",
  "portfolio_name": "coinbase_all_eur",
  "strategy": "moderate",
  "portfolio_value": 95.9908498966112,
  "available_capital": 2.2021535771112,
  "existing_positions": {
    "XRP/EUR": {
      "amount": 18.560795,
      "current_price": 1.7867,
      "buy_price": 1.8815,
      "eur_value": 33.1625724265,
      "profit_loss_pct": -5.0385330853042785,
      "profit_loss_eur": -1.7595633659999999
    },
    "SOL/EUR": {
      "amount": 0.469,
      "current_price": 121.28,
      "buy_price": 126.47306216445935,
      "eur_value": 56.88032,
      "profit_loss_pct": -4.106061856639911,
      "profit_loss_eur": -2.4355461551314344
    },
    "BTC/EUR": {
      "amount": 4.089e-05,
      "current_price": 91330.64,
      "buy_price": 91682.98,
      "eur_value": 3.7345098696,
      "profit_loss_pct": -0.38430251721747755,
      "profit_loss_eur": -0.014407182599999858
    }
  },
  "trading_enabled": true
}