{
  "timestamp": "2025-06-25T16:38:48.156386",
  "portfolio_name": "coinbase_all_eur",
  "strategy": "moderate",
  "portfolio_value": 100.15761982181118,
  "available_capital": 2.2021535771112,
  "existing_positions": {
    "XRP/EUR": {
      "amount": 18.560795,
      "current_price": 1.8991,
      "buy_price": 1.8815,
      "eur_value": 35.2488057845,
      "profit_loss_pct": 0.9354238639383503,
      "profit_loss_eur": 0.3266699920000011
    },
    "SOL/EUR": {
      "amount": 0.469,
      "current_price": 125.59,
      "buy_price": 126.47306216445935,
      "eur_value": 58.90171,
      "profit_loss_pct": -0.6982215416837585,
      "profit_loss_eur": -0.41415615513143345
    },
    "BTC/EUR": {
      "amount": 4.089e-05,
      "current_price": 92779.76,
      "buy_price": 91682.98,
      "eur_value": 3.7937643864,
      "profit_loss_pct": 1.1962743793886268,
      "profit_loss_eur": 0.04484733419999996
    }
  },
  "trading_enabled": true
}