{
  "timestamp": "2025-06-26T22:43:20.801733",
  "portfolio_name": "coinbase_all_eur",
  "strategy": "moderate",
  "portfolio_value": 97.6974591890612,
  "available_capital": 2.2021535771112,
  "existing_positions": {
    "XRP/EUR": {
      "amount": 18.560795,
      "current_price": 1.8338,
      "buy_price": 1.8815,
      "eur_value": 34.036785871,
      "profit_loss_pct": -2.5352112676056264,
      "profit_loss_eur": -0.8853499214999972
    },
    "SOL/EUR": {
      "amount": 0.469,
      "current_price": 122.98,
      "buy_price": 126.47306216445935,
      "eur_value": 57.67762,
      "profit_loss_pct": -2.7619021036409634,
      "profit_loss_eur": -1.6382461551314331
    },
    "BTC/EUR": {
      "amount": 4.089e-05,
      "current_price": 92250.34,
      "buy_price": 91682.98,
      "eur_value": 3.7721164026,
      "profit_loss_pct": 0.6188280529275997,
      "profit_loss_eur": 0.023199350400000027
    }
  },
  "trading_enabled": true
}