{
  "timestamp": "2025-06-27T11:17:34.179082",
  "portfolio_name": "coinbase_all_eur",
  "strategy": "moderate",
  "portfolio_value": 96.2563505494112,
  "available_capital": 2.2021535771112,
  "existing_positions": {
    "SOL/EUR": {
      "amount": 0.469,
      "current_price": 121.56,
      "buy_price": 126.47306216445935,
      "eur_value": 57.01164,
      "profit_loss_pct": -3.8846708384989075,
      "profit_loss_eur": -2.304226155131434
    },
    "BTC/EUR": {
      "amount": 4.089e-05,
      "current_price": 91360.72,
      "buy_price": 91682.98,
      "eur_value": 3.7357398408000004,
      "profit_loss_pct": -0.35149381051967854,
      "profit_loss_eur": -0.013177211399999786
    }
  },
  "trading_enabled": true
}