{
  "timestamp": "2025-06-28T03:06:52.593972",
  "portfolio_name": "coinbase_all_eur",
  "strategy": "moderate",
  "portfolio_value": 96.74443826326122,
  "available_capital": 2.2021535771112,
  "existing_positions": {
    "SOL/EUR": {
      "amount": 0.469,
      "current_price": 121.08,
      "buy_price": 126.47306216445935,
      "eur_value": 56.786519999999996,
      "profit_loss_pct": -4.264198298169202,
      "profit_loss_eur": -2.5293461551314356
    },
    "BTC/EUR": {
      "amount": 4.089e-05,
      "current_price": 91389.11,
      "buy_price": 91682.98,
      "eur_value": 3.7369007079000003,
      "profit_loss_pct": -0.32052841214366656,
      "profit_loss_eur": -0.01201634429999981
    }
  },
  "trading_enabled": true
}