{
  "timestamp": "2025-06-27T19:24:01.152741",
  "portfolio_name": "coinbase_all_eur",
  "strategy": "moderate",
  "portfolio_value": 96.4815276961112,
  "available_capital": 2.2021535771112,
  "existing_positions": {
    "XRP/EUR": {
      "amount": 18.560795,
      "current_price": 1.7951,
      "buy_price": 1.8815,
      "eur_value": 33.3184831045,
      "profit_loss_pct": -4.592080786606433,
      "profit_loss_eur": -1.6036526880000006
    },
    "SOL/EUR": {
      "amount": 0.469,
      "current_price": 121.97,
      "buy_price": 126.47306216445935,
      "eur_value": 57.20392999999999,
      "profit_loss_pct": -3.5604911333638705,
      "profit_loss_eur": -2.1119361551314353
    },
    "BTC/EUR": {
      "amount": 4.089e-05,
      "current_price": 91589.47,
      "buy_price": 91682.98,
      "eur_value": 3.7450934283,
      "profit_loss_pct": -0.10199275808879114,
      "profit_loss_eur": -0.003823623899999786
    }
  },
  "trading_enabled": true
}