{
  "timestamp": "2025-06-26T05:17:09.991192",
  "portfolio_name": "coinbase_all_eur",
  "strategy": "moderate",
  "portfolio_value": 99.92076802161121,
  "available_capital": 2.2021535771112,
  "existing_positions": {
    "XRP/EUR": {
      "amount": 18.560795,
      "current_price": 1.8832,
      "buy_price": 1.8815,
      "eur_value": 34.953689143999995,
      "profit_loss_pct": 0.09035344140313764,
      "profit_loss_eur": 0.031553351500000645
    },
    "SOL/EUR": {
      "amount": 0.469,
      "current_price": 125.74,
      "buy_price": 126.47306216445935,
      "eur_value": 58.97205999999999,
      "profit_loss_pct": -0.5796192105367995,
      "profit_loss_eur": -0.3438061551314374
    },
    "BTC/EUR": {
      "amount": 4.089e-05,
      "current_price": 92405.63,
      "buy_price": 91682.98,
      "eur_value": 3.7784662107000004,
      "profit_loss_pct": 0.7882051826849529,
      "profit_loss_eur": 0.02954915850000036
    }
  },
  "trading_enabled": true
}