{
  "timestamp": "2025-06-27T06:25:00.875574",
  "portfolio_name": "coinbase_all_eur",
  "strategy": "moderate",
  "portfolio_value": 95.96223954641118,
  "available_capital": 2.2021535771112,
  "existing_positions": {
    "SOL/EUR": {
      "amount": 0.469,
      "current_price": 120.72,
      "buy_price": 126.47306216445935,
      "eur_value": 56.61767999999999,
      "profit_loss_pct": -4.548843892921918,
      "profit_loss_eur": -2.6981861551314354
    },
    "BTC/EUR": {
      "amount": 4.089e-05,
      "current_price": 91887.87,
      "buy_price": 91682.98,
      "eur_value": 3.7572950043,
      "profit_loss_pct": 0.22347659292924318,
      "profit_loss_eur": 0.008377952099999976
    }
  },
  "trading_enabled": true
}