{
  "timestamp": "2025-06-26T03:44:48.359674",
  "portfolio_name": "coinbase_all_eur",
  "strategy": "moderate",
  "portfolio_value": 99.2807000131112,
  "available_capital": 2.2021535771112,
  "existing_positions": {
    "SOL/EUR": {
      "amount": 0.469,
      "current_price": 124.51,
      "buy_price": 126.47306216445935,
      "eur_value": 58.39519,
      "profit_loss_pct": -1.552158325941911,
      "profit_loss_eur": -0.9206761551314326
    },
    "BTC/EUR": {
      "amount": 4.089e-05,
      "current_price": 92158.97,
      "buy_price": 91682.98,
      "eur_value": 3.7683802833000004,
      "profit_loss_pct": 0.5191694249030794,
      "profit_loss_eur": 0.019463231100000217
    }
  },
  "trading_enabled": true
}