{
  "timestamp": "2025-06-26T02:43:22.835990",
  "portfolio_name": "coinbase_all_eur",
  "strategy": "moderate",
  "portfolio_value": 98.57202984731119,
  "available_capital": 2.2021535771112,
  "existing_positions": {
    "XRP/EUR": {
      "amount": 18.560795,
      "current_price": 1.8739,
      "buy_price": 1.8815,
      "eur_value": 34.7810737505,
      "profit_loss_pct": -0.40393303215519805,
      "profit_loss_eur": -0.14106204200000094
    },
    "SOL/EUR": {
      "amount": 0.469,
      "current_price": 123.29,
      "buy_price": 126.47306216445935,
      "eur_value": 57.82301,
      "profit_loss_pct": -2.5167906192705654,
      "profit_loss_eur": -1.492856155131432
    },
    "BTC/EUR": {
      "amount": 4.089e-05,
      "current_price": 91922.08,
      "buy_price": 91682.98,
      "eur_value": 3.7586938512000003,
      "profit_loss_pct": 0.26078995250809456,
      "profit_loss_eur": 0.009776799000000239
    }
  },
  "trading_enabled": true
}