{
  "timestamp": "2025-06-26T20:40:11.896888",
  "portfolio_name": "coinbase_all_eur",
  "strategy": "moderate",
  "portfolio_value": 95.94677419771119,
  "available_capital": 2.2021535771112,
  "existing_positions": {
    "XRP/EUR": {
      "amount": 18.560795,
      "current_price": 1.8036,
      "buy_price": 1.8815,
      "eur_value": 33.476249862,
      "profit_loss_pct": -4.140313579590744,
      "profit_loss_eur": -1.4458859304999974
    },
    "SOL/EUR": {
      "amount": 0.469,
      "current_price": 120.49,
      "buy_price": 126.47306216445935,
      "eur_value": 56.509809999999995,
      "profit_loss_pct": -4.730700800680602,
      "profit_loss_eur": -2.8060561551314374
    },
    "BTC/EUR": {
      "amount": 4.089e-05,
      "current_price": 91484.45,
      "buy_price": 91682.98,
      "eur_value": 3.7407991605000004,
      "profit_loss_pct": -0.21653964563542638,
      "profit_loss_eur": -0.008117891699999952
    }
  },
  "trading_enabled": true
}