{
  "timestamp": "2025-06-25T22:36:53.592472",
  "portfolio_name": "coinbase_all_eur",
  "strategy": "moderate",
  "portfolio_value": 99.4416699646612,
  "available_capital": 2.2021535771112,
  "existing_positions": {
    "XRP/EUR": {
      "amount": 18.560795,
      "current_price": 1.8882,
      "buy_price": 1.8815,
      "eur_value": 35.046493119,
      "profit_loss_pct": 0.3560988572947197,
      "profit_loss_eur": 0.12435732650000278
    },
    "SOL/EUR": {
      "amount": 0.469,
      "current_price": 124.49,
      "buy_price": 126.47306216445935,
      "eur_value": 58.38580999999999,
      "profit_loss_pct": -1.5679719700948478,
      "profit_loss_eur": -0.9300561551314374
    },
    "BTC/EUR": {
      "amount": 4.089e-05,
      "current_price": 92565.45,
      "buy_price": 91682.98,
      "eur_value": 3.7850012505,
      "profit_loss_pct": 0.962523251316658,
      "profit_loss_eur": 0.03608419830000005
    }
  },
  "trading_enabled": true
}