{
  "timestamp": "2025-06-25T18:09:00.828469",
  "portfolio_name": "coinbase_all_eur",
  "strategy": "moderate",
  "portfolio_value": 99.0017445808612,
  "available_capital": 2.2021535771112,
  "existing_positions": {
    "XRP/EUR": {
      "amount": 18.560795,
      "current_price": 1.8808,
      "buy_price": 1.8815,
      "eur_value": 34.909143236,
      "profit_loss_pct": -0.037204358224816526,
      "profit_loss_eur": -0.012992556499998567
    },
    "SOL/EUR": {
      "amount": 0.469,
      "current_price": 123.92,
      "buy_price": 126.47306216445935,
      "eur_value": 58.11848,
      "profit_loss_pct": -2.0186608284533123,
      "profit_loss_eur": -1.1973861551314342
    },
    "BTC/EUR": {
      "amount": 4.089e-05,
      "current_price": 92340.04,
      "buy_price": 91682.98,
      "eur_value": 3.7757842356,
      "profit_loss_pct": 0.7166651869300035,
      "profit_loss_eur": 0.026867183399999908
    }
  },
  "trading_enabled": true
}