{
  "timestamp": "2025-06-25T23:23:01.128979",
  "portfolio_name": "coinbase_all_eur",
  "strategy": "moderate",
  "portfolio_value": 99.08730392781119,
  "available_capital": 2.2021535771112,
  "existing_positions": {
    "XRP/EUR": {
      "amount": 18.560795,
      "current_price": 1.8793,
      "buy_price": 1.8815,
      "eur_value": 34.8813020435,
      "profit_loss_pct": -0.11692798299229232,
      "profit_loss_eur": -0.04083374899999962
    },
    "SOL/EUR": {
      "amount": 0.469,
      "current_price": 124.11,
      "buy_price": 126.47306216445935,
      "eur_value": 58.207589999999996,
      "profit_loss_pct": -1.868431209000491,
      "profit_loss_eur": -1.1082761551314353
    },
    "BTC/EUR": {
      "amount": 4.089e-05,
      "current_price": 92414.52,
      "buy_price": 91682.98,
      "eur_value": 3.7788297228000003,
      "profit_loss_pct": 0.7979016388865285,
      "profit_loss_eur": 0.029912670600000336
    }
  },
  "trading_enabled": true
}