{
  "timestamp": "2025-06-26T04:00:11.806513",
  "portfolio_name": "coinbase_all_eur",
  "strategy": "moderate",
  "portfolio_value": 99.25333337276119,
  "available_capital": 2.2021535771112,
  "existing_positions": {
    "XRP/EUR": {
      "amount": 18.560795,
      "current_price": 1.8811,
      "buy_price": 1.8815,
      "eur_value": 34.914711474499995,
      "profit_loss_pct": -0.021259633271323727,
      "profit_loss_eur": -0.007424317999999182
    },
    "SOL/EUR": {
      "amount": 0.469,
      "current_price": 124.43,
      "buy_price": 126.47306216445935,
      "eur_value": 58.35767,
      "profit_loss_pct": -1.6154129025536246,
      "profit_loss_eur": -0.9581961551314317
    },
    "BTC/EUR": {
      "amount": 4.089e-05,
      "current_price": 92171.92,
      "buy_price": 91682.98,
      "eur_value": 3.7689098088,
      "profit_loss_pct": 0.5332941839368684,
      "profit_loss_eur": 0.019992756600000095
    }
  },
  "trading_enabled": true
}